legacy_external_id,tag
37,Díly pro TZB - armatury
109,velkoobchod TZB
83,Díly pro TZB
178,škola
189,Dodavatel - spojovací materiál
284,Odběratel Rothenberger
154,velkoobchod TZB
323,škola
409,velkoobchod TZB
170,Odběratel Rothenberger
262,Díly pro TZB
346,vodoměry - manometry
193,Prodejce ROTHENBERGER
518,velkoobchod TZB
532,Odběratel Rothenberger
552,Odběratel Rothenberger
438,škola
569,Dodavatel - elektronika
533,Odběratel Rothenberger
488,Odběratel Rothenberger
596,Odběratel Rothenberger
427,Odběratel Rothenberger
574,Odběratel Rothenberger
567,Odběratel - eshop
421,Odběratel Rothenberger
486,Odběratel Rothenberger
572,Odběratel Rothenberger
511,Odběratel Rothenberger
14,Odběratel Conex
608,Odběratel Rothenberger
613,Odběratel Rothenberger
642,Odběratel Rothenberger
462,Odběratel Rothenberger
505,Odběratel Rothenberger
633,Odběratel Rothenberger
630,Odběratel Rothenberger
487,Odběratel Rothenberger
708,Odběratel - eshop
634,Odběratel Rothenberger
515,Odběratel Rothenberger
668,Odběratel Rothenberger
563,Odběratel Rothenberger
740,Odběratel Rothenberger
520,Odběratel Rothenberger
670,Odběratel Rothenberger
682,velkoobchod TZB
562,Odběratel Rothenberger
577,škola
752,odběratel Alfa Laval
550,Odběratel Rothenberger
680,Odběratel Rothenberger
576,Odběratel Rothenberger
604,velkoobchod TZB
755,Odběratel Rothenberger
669,Odběratel Rothenberger
551,Odběratel Rothenberger
695,Odběratel Rothenberger
591,Odběratel Rothenberger
595,Hutní materiál - nerez
718,Odběratel Rothenberger
750,Odběratel Rothenberger
609,velkoobchod TZB
727,Hutní materiál - barevné kovy
575,Prodejce ROTHENBERGER
757,Odběratel Rothenberger
616,Dodavatel - elektronika
672,Odběratel Rothenberger
805,Odběratel Rothenberger
767,Odběratel Rothenberger
618,Odběratel Rothenberger
701,Odběratel Rothenberger
792,Odběratel Rothenberger
625,Odběratel Rothenberger
809,Odběratel Rothenberger
743,Odběratel - eshop
774,Odběratel Rothenberger
632,Odběratel Rothenberger
713,Odběratel Rothenberger
822,Odběratel Rothenberger
635,Odběratel Rothenberger
811,Odběratel Rothenberger
638,Odběratel Rothenberger
620,Prodejce ROTHENBERGER
783,Odběratel Rothenberger
639,Odběratel - eshop
622,Odběratel Rothenberger
772,Odběratel Rothenberger
693,Odběratel Rothenberger
700,Odběratel Rothenberger
828,Odběratel Rothenberger
838,Odběratel Rothenberger
655,Prodejce ROTHENBERGER
10,Dodavatel - ostatní
716,Odběratel Rothenberger
842,Odběratel Rothenberger
665,Odběratel Rothenberger
841,Prodejce ROTHENBERGER
674,Odběratel Rothenberger
806,Odběratel Rothenberger
704,Odběratel Rothenberger
854,Odběratel Rothenberger
690,Odběratel Rothenberger
856,Odběratel Rothenberger
717,Odběratel Rothenberger
863,Odběratel Rothenberger
749,Odběratel Rothenberger
766,Odběratel Rothenberger
761,Odběratel Rothenberger
707,Odběratel Rothenberger
751,odběratel Alfa Laval
773,Odběratel - eshop
786,Odběratel Rothenberger
756,Odběratel Rothenberger
839,Odběratel Rothenberger
725,Odběratel Rothenberger
758,Odběratel Rothenberger
803,Odběratel Rothenberger
800,Odběratel Rothenberger
852,Odběratel - eshop
762,Odběratel Rothenberger
987,Odběratel Rothenberger
753,Prodejce ROTHENBERGER
903,Odběratel Rothenberger
855,Odběratel Rothenberger
890,Prodejce ROTHENBERGER
908,Odběratel Rothenberger
647,Odběratel Rothenberger
785,Odběratel Rothenberger
909,Odběratel Rothenberger
656,Prodejce ROTHENBERGER
1046,projektant
781,velkoobchod TZB
824,Odběratel Rothenberger
1047,projektant
7,Odběratel Rothenberger
826,Odběratel Rothenberger
793,Odběratel Rothenberger
794,Odběratel - eshop
851,Díly pro TZB
946,Odběratel Rothenberger
952,Odběratel Rothenberger
807,Odběratel Rothenberger
957,Prodejce ROTHENBERGER
932,Odběratel Rothenberger
981,projektant
820,Odběratel Rothenberger
1005,Odběratel Rothenberger
991,Odběratel Rothenberger
983,projektant
1027,Odběratel - eshop
962,Odběratel Rothenberger
922,Odběratel Rothenberger
995,Odběratel Rothenberger
1135,Odběratel Rothenberger
850,Odběratel Rothenberger
1029,Odběratel Rothenberger
898,Odběratel Rothenberger
1021,Odběratel Rothenberger
1055,Díly pro TZB
902,Odběratel Rothenberger
1028,Odběratel Rothenberger
1088,Odběratel Rothenberger
1067,Díly pro TZB
1148,velkoobchod TZB
933,Odběratel Rothenberger
1035,Odběratel Rothenberger
1094,Odběratel Rothenberger
968,projektant
1103,Odběratel Rothenberger
980,projektant
1178,Odběratel IVAR
888,Odběratel Rothenberger
1072,škola
982,projektant
1098,Odběratel Rothenberger
1087,Odběratel Rothenberger
1116,Odběratel Rothenberger
1100,Odběratel Rothenberger
944,Odběratel Rothenberger
1089,projektant
992,Odběratel Rothenberger
1090,projektant
984,projektant
1097,Odběratel Rothenberger
1111,Odběratel Rothenberger
999,Odběratel Rothenberger
1299,Odběratel Rothenberger
913,Prodejce ROTHENBERGER
1117,Odběratel Rothenberger
1012,Odběratel Rothenberger
1118,Odběratel Rothenberger
1013,Odběratel Rothenberger
1300,Odběratel - eshop
975,Odběratel Rothenberger
1014,Odběratel Rothenberger
1181,Prodejce ROTHENBERGER
1019,škola
1316,Odběratel Rothenberger
971,Odběratel Rothenberger
1020,Odběratel Rothenberger
1131,Odběratel Rothenberger
1127,Odběratel Rothenberger
1041,Odběratel Rothenberger
1242,Díly pro TZB
1136,Odběratel Rothenberger
1052,Odběratel Rothenberger
1172,Odběratel Rothenberger
1334,Odběratel Rothenberger
1016,Odběratel Rothenberger
1082,Odběratel Rothenberger
1054,Odběratel Rothenberger
1347,Odběratel Rothenberger
1180,Odběratel Rothenberger
1272,Odběratel Rothenberger
1150,Odběratel Rothenberger
1099,Odběratel Rothenberger
1224,Odběratel Rothenberger
1182,Odběratel Rothenberger
1161,Odběratel Rothenberger
1245,Odběratel Rothenberger
1238,Odběratel Rothenberger
1132,Odběratel Rothenberger
1289,Odběratel Rothenberger
1190,Odběratel Rothenberger
1259,Odběratel Rothenberger
1365,Odběratel Rothenberger
1173,Odběratel Rothenberger
1138,Odběratel Rothenberger
1128,Odběratel Rothenberger
1261,Odběratel Rothenberger
1091,Pojistné ventily DUCO
1216,Odběratel Rothenberger
1166,Odběratel Rothenberger
1276,Odběratel Rothenberger
1380,"Díly pro TZB - pumpy, čerpadla"
1123,Odběratel Rothenberger
1264,Odběratel Rothenberger
1168,Odběratel Rothenberger
1320,škola
1083,Odběratel Rothenberger
1392,Odběratel Conex
1147,velkoobchod TZB
1191,Prodejce ROTHENBERGER
1327,Odběratel Rothenberger
1164,Odběratel Rothenberger
1271,Hutní materiál - nerez kompon
1196,škola
1338,Odběratel Rothenberger
1157,Odběratel Rothenberger
1165,Odběratel WALTER
1198,Odběratel IVAR
1344,Odběratel Rothenberger
1240,Odběratel Rothenberger
1308,Odběratel Rothenberger
1221,Odběratel Rothenberger
1351,Díly pro TZB
1263,Odběratel - eshop
1310,Odběratel Rothenberger
1410,Odběratel Rothenberger
1106,Odběratel Rothenberger
1374,Odběratel Rothenberger
1274,Odběratel Rothenberger
1201,Odběratel Rothenberger
1323,Odběratel Rothenberger
1193,Odběratel Rothenberger
1226,Odběratel Rothenberger
1225,Odběratel WALTER
1256,Odběratel Rothenberger
1382,Odběratel Rothenberger
1287,velkoobchod TZB
1340,Odběratel - eshop
1439,Díly pro TZB
1328,Odběratel Rothenberger
1399,odběratel Alfa Laval
1342,Odběratel Rothenberger
1442,Odběratel Rothenberger
1282,Odběratel Rothenberger
1423,Odběratel Rothenberger
1304,Pojistné ventily DUCO
1246,Odběratel Rothenberger
1239,Odběratel Rothenberger
1290,Odběratel Rothenberger
1429,škola
1048,velkoobchod TZB
1258,Odběratel Rothenberger
1241,Dodavatel - elektro
1260,Odběratel - eshop
1371,Odběratel Rothenberger
1522,Odběratel Rothenberger
1314,Prodejce ROTHENBERGER
1446,Odběratel Rothenberger
1174,Odběratel Rothenberger
1262,Odběratel Rothenberger
1373,Odběratel Rothenberger
1535,velkoobchod TZB
1383,Odběratel Rothenberger
1453,Dodavatel - ostatní
1329,Odběratel Rothenberger
1275,Odběratel Rothenberger
1401,Odběratel Rothenberger
1211,Dodavatel - elektronika
1460,Odběratel Rothenberger
1336,Odběratel Rothenberger
1416,Odběratel Rothenberger
1622,velkoobchod TZB
1318,Odběratel Rothenberger
1471,Odběratel Rothenberger
1346,Odběratel Rothenberger
1307,Odběratel Rothenberger
1418,Odběratel Rothenberger
1421,Odběratel Rothenberger
1477,Odběratel Rothenberger
1309,Odběratel Rothenberger
1637,velkoobchod TZB
1333,Prodejce ROTHENBERGER
1428,škola
1324,Odběratel Rothenberger
1433,škola
1638,škola
1430,Odběratel Rothenberger
1341,Odběratel Rothenberger
1364,Odběratel - eshop
1452,Odběratel Rothenberger
1436,škola
1370,Odběratel Rothenberger
1449,Odběratel Rothenberger
1669,Odběratel Rothenberger
1321,Prodejce ROTHENBERGER
1451,Dodavatel - ostatní
1417,Odběratel Rothenberger
1394,Odběratel Rothenberger
1516,Odběratel Rothenberger
1559,Odběratel Rothenberger
1469,Odběratel Rothenberger
1466,Odběratel Rothenberger
1411,Odběratel Rothenberger
1524,Odběratel Rothenberger
1354,Odběratel Rothenberger
1564,Odběratel Rothenberger
1485,Odběratel Rothenberger
1432,škola
1729,Odběratel Rothenberger
1468,Prodejce ROTHENBERGER
1501,velkoobchod TZB
3632,Odběratel Rothenberger
1470,Odběratel Rothenberger
1594,Odběratel Rothenberger
1499,Odběratel Rothenberger
1450,Odběratel Rothenberger
1545,Odběratel Rothenberger
1478,Prodejce ROTHENBERGER
1605,odběratel Alfa Laval
1510,Odběratel Rothenberger
1657,Odběratel Rothenberger
1513,Odběratel Rothenberger
6119,Odběratel Rothenberger
1536,Odběratel Rothenberger
1479,Odběratel WALTER
6270,Odběratel Rothenberger
1573,Odběratel Rothenberger
1678,Odběratel Rothenberger
1567,Odběratel Rothenberger
6367,Odběratel Rothenberger
1507,Odběratel Rothenberger
1578,velkoobchod TZB
1556,velkoobchod TZB
1685,Odběratel Rothenberger
1497,Odběratel Rothenberger
1569,Díly pro TZB
6399,Odběratel Rothenberger
1441,Odběratel Rothenberger
1580,Prodejce ROTHENBERGER
1589,Prodejce ROTHENBERGER
1384,Odběratel Rothenberger
1583,Odběratel IVAR
6400,velkoobchod TZB
1455,Odběratel Rothenberger
1702,velkoobchod TZB
1599,Odběratel - eshop
90395,Odběratel Rothenberger
1511,Odběratel Rothenberger
1709,velkoobchod TZB
1528,Odběratel Rothenberger
1613,Odběratel Rothenberger
1595,Odběratel Rothenberger
1540,Odběratel Rothenberger
1616,Odběratel Rothenberger
119537,Odběratel Rothenberger
1561,škola
1633,Odběratel Rothenberger
1732,Odběratel Rothenberger
1621,Odběratel Rothenberger
1542,Odběratel Rothenberger
1541,Díly pro TZB
1576,Odběratel Rothenberger
1635,Odběratel Rothenberger
1636,velkoobchod TZB
1553,Odběratel Rothenberger
1645,Odběratel Rothenberger
119566,Odběratel Rothenberger
1642,Odběratel Rothenberger
1625,Odběratel Rothenberger
1643,odběratel Alfa Laval
1659,velkoobchod TZB
119567,velkoobchod TZB
1644,velkoobchod TZB
1648,Odběratel Rothenberger
119570,Odběratel Rothenberger
1663,Odběratel WALTER
1650,velkoobchod TZB
1676,Odběratel Rothenberger
1679,Odběratel Rothenberger
1634,Odběratel Rothenberger
1680,Díly pro TZB
1598,Odběratel Rothenberger
1630,Odběratel Rothenberger
1641,Odběratel Rothenberger
1687,Odběratel Meibes
1759,Odběratel Rothenberger
1640,Odběratel Rothenberger
1673,Díly pro TZB
1427,Odběratel - eshop
1615,Odběratel Rothenberger
1761,Odběratel Rothenberger
1652,Odběratel Rothenberger
6274,Prodejce ROTHENBERGER
1437,škola
1776,Odběratel Rothenberger
5255,Odběratel Rothenberger
6330,Odběratel Rothenberger
1704,Odběratel Rothenberger
1697,Díly pro TZB - armatury
6116,Prodejce ROTHENBERGER
6371,odběratel Alfa Laval
1660,velkoobchod TZB
2802,Odběratel Rothenberger
1698,Díly pro TZB - armatury
1701,Dodavatel - těsnící prvky
6118,Odběratel Rothenberger
6358,Odběratel Rothenberger
3204,Díly pro TZB
1700,Odběratel Rothenberger
1727,Odběratel Rothenberger
6282,škola
1739,Odběratel Rothenberger
6360,velkoobchod TZB
5259,Odběratel Rothenberger
1828,velkoobchod TZB
6284,Odběratel Rothenberger
6246,škola
1731,Odběratel Rothenberger
2725,velkoobchod TZB
6357,velkoobchod TZB
3134,Odběratel Rothenberger
1860,Odběratel Meibes
90108,Odběratel Rothenberger
73976,Odběratel Rothenberger
4213,Odběratel Rothenberger
74329,Odběratel Rothenberger
1888,Odběratel Rothenberger
3630,Odběratel Rothenberger
1509,velkoobchod TZB
5249,Odběratel Rothenberger
119530,škola
6359,Odběratel Rothenberger
3631,Prodejce ROTHENBERGER
2801,Odběratel Rothenberger
1811,Odběratel Rothenberger
1591,Odběratel Rothenberger
5253,Odběratel Rothenberger
5363,Odběratel Rothenberger
119542,Odběratel Rothenberger
86387,Odběratel Rothenberger
1818,Odběratel Rothenberger
1747,Odběratel Rothenberger
119544,Odběratel Rothenberger
1922,Odběratel Rothenberger
1463,Odběratel Rothenberger
1757,Odběratel Rothenberger
1546,Odběratel Rothenberger
119558,Odběratel Rothenberger
119529,Odběratel Rothenberger
1482,Odběratel Rothenberger
2019,velkoobchod TZB
1557,Odběratel Rothenberger
119531,Odběratel Rothenberger
1872,škola
119543,Odběratel Rothenberger
6366,Odběratel Rothenberger
1486,velkoobchod TZB
6363,Odběratel Rothenberger
1770,Odběratel Rothenberger
2076,Odběratel Rothenberger
6401,Odběratel Rothenberger
3633,Odběratel Rothenberger
2045,velkoobchod TZB
6398,Odběratel - eshop
1785,Odběratel Rothenberger
119559,Odběratel Rothenberger
119568,Odběratel Rothenberger
6241,velkoobchod TZB
1905,"Díly pro TZB - pumpy, čerpadla"
2072,Odběratel Rothenberger
119561,Odběratel Rothenberger
2094,Odběratel Rothenberger
119569,Odběratel Rothenberger
6243,Odběratel Rothenberger
1911,Odběratel Rothenberger
2083,Díly pro TZB - armatury
7041,Odběratel Rothenberger
1822,Odběratel Rothenberger
119536,Odběratel Rothenberger
6273,Odběratel Rothenberger
1748,Odběratel Rothenberger
2107,Odběratel Rothenberger
1837,Odběratel Rothenberger
1777,Odběratel Rothenberger
1771,Odběratel Rothenberger
2116,Odběratel Rothenberger
119541,Odběratel Rothenberger
1821,Odběratel Rothenberger
2127,velkoobchod TZB
1858,Prodejce ROTHENBERGER
1775,Odběratel Rothenberger
2131,Odběratel Rothenberger
119565,Odběratel Rothenberger
1838,Odběratel Rothenberger
1853,Odběratel Rothenberger
2170,Odběratel WALTER
1780,Odběratel Conex
2154,Odběratel Rothenberger
1755,Díly pro TZB - armatury
1923,Odběratel Rothenberger
6362,Hutní materiál
1936,Odběratel Rothenberger
2167,Prodejce ROTHENBERGER
1722,Odběratel Rothenberger
6364,velkoobchod TZB
1939,Odběratel Rothenberger
2173,Odběratel WALTER
1774,Odběratel Rothenberger
2238,Odběratel Rothenberger
6370,Odběratel Rothenberger
1948,Odběratel Rothenberger
1789,Odběratel Rothenberger
1882,Odběratel Rothenberger
2239,Odběratel Rothenberger
1944,Odběratel Rothenberger
2146,škola
2184,Odběratel Rothenberger
1800,Odběratel Rothenberger
2256,Odběratel Rothenberger
2155,Odběratel Rothenberger
2191,Odběratel WALTER
1815,Odběratel Rothenberger
1691,velkoobchod TZB
1751,Odběratel Rothenberger
2269,Díly pro TZB
119535,Odběratel Rothenberger
2181,Odběratel Rothenberger
1833,Odběratel Rothenberger
1753,Odběratel Rothenberger
2270,Díly pro TZB
1973,Odběratel Rothenberger
6247,Odběratel Rothenberger
1767,Odběratel Rothenberger
2319,Odběratel Rothenberger
1974,Odběratel Rothenberger
2216,Odběratel Rothenberger
1884,Odběratel Rothenberger
6277,Odběratel Rothenberger
1784,Odběratel Rothenberger
2006,Odběratel Rothenberger
1368,Dodavatel - elektronika
1920,Odběratel Rothenberger
1787,Odběratel Rothenberger
2402,vodoměry - manometry
2048,Odběratel Rothenberger
1933,Odběratel Rothenberger
2010,Revize - plynová zařízení
1754,Odběratel Rothenberger
1956,Odběratel Rothenberger
1935,Odběratel Rothenberger
2101,Odběratel Rothenberger
1801,Odběratel Rothenberger
1947,Odběratel Rothenberger
2567,Odběratel Rothenberger
2109,"Hutní materiál-trubky, profily"
2082,Odběratel Rothenberger
2005,Odběratel Rothenberger
2584,velkoobchod TZB
1825,Odběratel Rothenberger
2084,Díly pro TZB
2585,Odběratel Rothenberger
2185,Odběratel Itron
2106,Odběratel Rothenberger
2224,Odběratel Rothenberger
2600,Odběratel Rothenberger
2013,Odběratel Rothenberger
1904,Odběratel Rothenberger
2179,"Díly pro TZB - pumpy, čerpadla"
2257,Prodejce ROTHENBERGER
2085,Odběratel Rothenberger
2204,Odběratel Rothenberger
1862,Odběratel Rothenberger
2260,Díly pro TZB
2014,velkoobchod TZB
2196,vodoměry - manometry
2219,Odběratel Rothenberger
1790,Odběratel Rothenberger
2102,velkoobchod TZB
2652,Odběratel Rothenberger
2285,Odběratel Rothenberger
1792,Odběratel Rothenberger
2317,Odběratel Rothenberger
2065,Odběratel Rothenberger
2664,Odběratel Rothenberger
2304,Odběratel Rothenberger
2160,Odběratel Rothenberger
2244,Odběratel Rothenberger
2665,Odběratel Rothenberger
1919,Odběratel Rothenberger
2336,Odběratel Rothenberger
2348,velkoobchod TZB
2470,Odběratel Rothenberger
2099,Odběratel Rothenberger
2178,Odběratel Rothenberger
2703,velkoobchod TZB
2356,Odběratel Rothenberger
2486,Odběratel Rothenberger
2175,Odběratel Rothenberger
2297,Odběratel Rothenberger
2704,škola
2352,Odběratel Rothenberger
1955,Odběratel Rothenberger
2493,Odběratel Rothenberger
2717,Odběratel Rothenberger
1961,velkoobchod TZB
2420,Odběratel Rothenberger
2514,Prodejce ROTHENBERGER
2250,Odběratel Rothenberger
2403,Odběratel Rothenberger
2034,Odběratel Rothenberger
2445,Odběratel Rothenberger
1881,Odběratel Rothenberger
2417,Odběratel Rothenberger
2053,Odběratel Rothenberger
2479,velkoobchod TZB
2071,Odběratel Rothenberger
2746,škola
2057,Odběratel Rothenberger
2562,Díly pro TZB
2275,Odběratel Rothenberger
2230,Odběratel Rothenberger
2747,velkoobchod TZB
2062,Odběratel Rothenberger
2487,Odběratel Rothenberger
2570,Odběratel Rothenberger
2346,Odběratel Rothenberger
2482,Odběratel Rothenberger
2515,Prodejce ROTHENBERGER
2595,Odběratel Rothenberger
2289,Odběratel Rothenberger
2359,velkoobchod TZB
2394,Odběratel Rothenberger
2100,Odběratel Rothenberger
2301,Prodejce ROTHENBERGER
2396,Odběratel Rothenberger
2496,Odběratel Rothenberger
2469,Odběratel Rothenberger
2123,Odběratel Rothenberger
2547,Odběratel Rothenberger
2314,Odběratel Rothenberger
2411,Odběratel IVAR
2499,Odběratel Rothenberger
2554,Odběratel Rothenberger
2630,Odběratel Rothenberger
2333,Odběratel Rothenberger
2424,velkoobchod TZB
2518,Odběratel Rothenberger
2613,Odběratel Rothenberger
2395,Prodejce ROTHENBERGER
2535,Odběratel Rothenberger
2497,Odběratel Rothenberger
2165,Odběratel Rothenberger
2397,Odběratel Rothenberger
2443,Dodavatel - elektro
2536,Odběratel Rothenberger
2498,"Díly pro TZB - pumpy, čerpadla"
2168,Odběratel Rothenberger
2648,Odběratel Rothenberger
2362,Odběratel Rothenberger
2423,Odběratel Rothenberger
2548,Odběratel Rothenberger
2174,Odběratel Rothenberger
2655,Odběratel Rothenberger
2491,Odběratel Rothenberger
2781,škola
2635,Odběratel Rothenberger
2197,vodoměry - manometry
2679,Odběratel Rothenberger
2389,Odběratel Rothenberger
2507,Odběratel Rothenberger
2206,Dodavatel - elektro
2656,Odběratel Rothenberger
2347,Odběratel Rothenberger
2509,Odběratel Rothenberger
2817,Odběratel Rothenberger
2678,Odběratel Rothenberger
2400,Odběratel Rothenberger
2526,Odběratel Rothenberger
2666,Prodejce ROTHENBERGER
2369,Prodejce ROTHENBERGER
2670,Odběratel Rothenberger
2528,Odběratel Rothenberger
2387,Odběratel Rothenberger
2667,Odběratel Rothenberger
2686,Odběratel Rothenberger
2391,Odběratel Rothenberger
2677,Odběratel Rothenberger
2462,Odběratel Rothenberger
2688,Odběratel Rothenberger
2689,Odběratel Rothenberger
2543,Odběratel Rothenberger
2473,Odběratel Rothenberger
2968,Odběratel Rothenberger
2683,velkoobchod TZB
2265,velkoobchod TZB
2758,Odběratel Rothenberger
2407,Prodejce ROTHENBERGER
2574,Odběratel Rothenberger
2719,Odběratel Rothenberger
2272,Odběratel Rothenberger
2771,Odběratel Rothenberger
2594,Odběratel Rothenberger
2720,Hutní materiál - nerez
2274,Odběratel Rothenberger
2591,Prodejce ROTHENBERGER
2985,Odběratel Rothenberger
2741,Odběratel - eshop
2263,Odběratel Rothenberger
2750,Odběratel Rothenberger
2752,Dodavatel - elektronika
2612,Odběratel Rothenberger
2782,Odběratel Rothenberger
2302,Odběratel Rothenberger
2627,Odběratel Rothenberger
2307,Odběratel Rothenberger
2770,Odběratel Rothenberger
2628,Odběratel Rothenberger
2308,Odběratel Rothenberger
2887,Odběratel Rothenberger
2754,Odběratel Rothenberger
2798,Odběratel Rothenberger
2896,Odběratel Rothenberger
2673,Díly pro TZB
2756,Odběratel Rothenberger
2341,Odběratel Rothenberger
2897,Odběratel Rothenberger
2675,Pojistné ventily DUCO
3082,Odběratel Rothenberger
2534,Odběratel Rothenberger
2363,Odběratel Rothenberger
2929,Odběratel Rothenberger
2922,Prodejce ROTHENBERGER
2804,škola
2776,Prodejce ROTHENBERGER
3085,Díly pro TZB - armatury
2568,"Díly pro TZB - pumpy, čerpadla"
2811,Odběratel Rothenberger
2695,Odběratel Rothenberger
2790,velkoobchod TZB
3086,Odběratel Rothenberger
2815,Odběratel Rothenberger
2831,velkoobchod TZB
2712,"Díly pro TZB - pumpy, čerpadla"
2399,Odběratel Rothenberger
2973,Odběratel Rothenberger
2972,škola
2755,Odběratel - eshop
2809,Odběratel Rothenberger
3104,Odběratel Rothenberger
2850,Odběratel Rothenberger
2401,Díly pro TZB
2846,Odběratel Rothenberger
2853,Odběratel Rothenberger
3013,Odběratel Rothenberger
2855,Odběratel Rothenberger
2824,Odběratel Rothenberger
2919,Odběratel Rothenberger
2881,vodoměry - manometry
2425,Odběratel Rothenberger
3005,Odběratel Rothenberger
2862,Odběratel Rothenberger
2806,Odběratel Rothenberger
3032,Odběratel Rothenberger
3027,Odběratel Rothenberger
2867,Odběratel Rothenberger
3141,Odběratel Rothenberger
2903,Díly pro TZB
2463,velkoobchod TZB
2878,Odběratel Rothenberger
3155,Díly pro TZB - armatury
2237,škola
2465,velkoobchod TZB
3053,Odběratel Rothenberger
2950,Odběratel Rothenberger
2471,Odběratel Rothenberger
3064,Odběratel Rothenberger
2859,Odběratel Rothenberger
2970,Odběratel Rothenberger
2472,velkoobchod TZB
3063,Odběratel Rothenberger
2907,Odběratel Rothenberger
2939,škola
3226,Odběratel Rothenberger
2984,"Díly pro TZB - pumpy, čerpadla"
2495,Odběratel Rothenberger
3070,Odběratel Rothenberger
2777,Odběratel Rothenberger
2920,Odběratel Rothenberger
2975,Odběratel Rothenberger
3248,Odběratel Rothenberger
3000,Díly pro TZB
2788,Odběratel Rothenberger
2924,Odběratel Rothenberger
2977,velkoobchod TZB
3001,Revize - tepelná čerpadla
3099,Odběratel Rothenberger
2793,velkoobchod TZB
2960,Odběratel Rothenberger
2990,velkoobchod TZB
2978,Odběratel Rothenberger
2992,Odběratel Rothenberger
3329,Odběratel Rothenberger
3066,Odběratel Rothenberger
2531,Odběratel Rothenberger
2942,Odběratel Rothenberger
2991,škola
3083,Hutní materiál
2993,Odběratel Rothenberger
3084,Díly pro TZB - armatury
2563,velkoobchod TZB
2953,Odběratel Rothenberger
3044,Odběratel Rothenberger
3105,Odběratel Rothenberger
3022,Odběratel Rothenberger
2596,velkoobchod TZB
3139,Odběratel Rothenberger
3074,Odběratel Rothenberger
3412,Odběratel Rothenberger
3158,Odběratel Rothenberger
2598,Odběratel Rothenberger
3175,Odběratel Rothenberger
3093,Odběratel Rothenberger
2609,Odběratel Rothenberger
3159,Odběratel Rothenberger
3004,Odběratel Rothenberger
3077,Odběratel Rothenberger
3450,Odběratel Rothenberger
3094,Odběratel Rothenberger
3451,Odběratel Rothenberger
3193,Odběratel Rothenberger
2636,Odběratel Rothenberger
3263,Odběratel Rothenberger
3197,Odběratel Rothenberger
2488,Odběratel Rothenberger
3150,Odběratel Rothenberger
3241,Odběratel Rothenberger
3127,Odběratel Rothenberger
3520,Odběratel Rothenberger
2671,Odběratel Rothenberger
3243,Odběratel Rothenberger
2516,Odběratel Rothenberger
3171,Odběratel Rothenberger
3292,Odběratel Rothenberger
3282,Odběratel Rothenberger
2871,Odběratel Rothenberger
3284,Odběratel Rothenberger
2873,Odběratel Rothenberger
3582,Odběratel Rothenberger
2706,Odběratel Rothenberger
3258,Odběratel Rothenberger
2590,Odběratel Rothenberger
2875,Odběratel Rothenberger
3585,projektant
2744,Odběratel Rothenberger
3283,Odběratel Rothenberger
3381,Odběratel Rothenberger
3453,velkoobchod TZB
3217,Odběratel Rothenberger
3382,Odběratel Rothenberger
3477,Odběratel Rothenberger
3320,Odběratel Rothenberger
3219,Odběratel Rothenberger
3395,Prodejce ROTHENBERGER
3479,Odběratel Rothenberger
3332,Odběratel Rothenberger
2623,Odběratel Rothenberger
3234,Odběratel Rothenberger
3414,Odběratel Rothenberger
2780,odběratel Alfa Laval
2629,Odběratel Rothenberger
3238,Odběratel Rothenberger
3273,Odběratel Rothenberger
3914,Odběratel Rothenberger
3515,Odběratel Rothenberger
3349,Odběratel Rothenberger
3932,Odběratel Rothenberger
3452,Odběratel Rothenberger
3521,Odběratel Rothenberger
3367,škola
3302,Odběratel Rothenberger
3933,Odběratel Rothenberger
3330,Odběratel Rothenberger
3523,Odběratel Rothenberger
3366,Odběratel Rothenberger
3080,Odběratel Rothenberger
3387,Odběratel Rothenberger
3948,Dodavatel - elektro
3343,Odběratel Rothenberger
2819,Odběratel Rothenberger
3525,velkoobchod TZB
3374,Odběratel Rothenberger
3404,Odběratel Rothenberger
3321,Odběratel Rothenberger
3966,Odběratel Rothenberger
3344,Odběratel Rothenberger
2854,Odběratel Rothenberger
3419,Odběratel Rothenberger
3421,Odběratel Rothenberger
2676,Odběratel Rothenberger
3982,Odběratel Rothenberger
3034,Odběratel Rothenberger
3433,Odběratel Rothenberger
3438,Odběratel Rothenberger
3997,Díly pro TZB
2877,velkoobchod TZB
3580,Odběratel Rothenberger
3442,Odběratel Rothenberger
29529,Odběratel Rothenberger
3591,Odběratel Rothenberger
3458,Odběratel Rothenberger
3471,Odběratel Rothenberger
3213,Odběratel Rothenberger
3460,Odběratel Rothenberger
2711,Odběratel Rothenberger
29552,Odběratel Rothenberger
1764,Odběratel WALTER
3478,Odběratel Rothenberger
29553,Odběratel Rothenberger
3624,Odběratel Rothenberger
3524,Odběratel Rothenberger
3267,velkoobchod TZB
3489,velkoobchod TZB
29584,Odběratel Rothenberger
2943,Odběratel Rothenberger
3652,Odběratel Rothenberger
3274,velkoobchod TZB
3491,Odběratel Rothenberger
2938,Odběratel Rothenberger
4121,Odběratel Rothenberger
2952,Odběratel Rothenberger
3549,velkoobchod TZB
4122,Odběratel Rothenberger
29617,Odběratel Rothenberger
3348,Odběratel Rothenberger
3475,Odběratel Rothenberger
29620,Odběratel Rothenberger
3742,Odběratel Rothenberger
3543,Odběratel Rothenberger
3490,Odběratel Rothenberger
4547,Odběratel Rothenberger
3392,Odběratel Rothenberger
3559,Odběratel Rothenberger
29651,Odběratel Rothenberger
3767,Odběratel Rothenberger
3527,Odběratel Rothenberger
4562,Odběratel Rothenberger
29668,Odběratel Rothenberger
29681,Odběratel Rothenberger
3047,Odběratel Rothenberger
3833,Odběratel Rothenberger
3558,Odběratel Rothenberger
29682,Odběratel Rothenberger
3721,Odběratel Rothenberger
3858,Odběratel Rothenberger
4611,Odběratel Rothenberger
29697,Odběratel Rothenberger
3056,Odběratel Rothenberger
3627,Odběratel Rothenberger
3079,Odběratel Rothenberger
3730,velkoobchod TZB
3595,Odběratel Rothenberger
29714,Odběratel Rothenberger
3462,Odběratel Rothenberger
29164,Odběratel Rothenberger
3911,dodavatel - úprava vody
3480,Odběratel Rothenberger
4662,Odběratel Rothenberger
29758,Odběratel Rothenberger
3514,Odběratel Rothenberger
29179,Odběratel Rothenberger
4663,Odběratel Rothenberger
29775,velkoobchod TZB
3791,Odběratel Rothenberger
3935,Odběratel Rothenberger
29180,Odběratel Rothenberger
4680,Odběratel Rothenberger
3357,Odběratel WALTER
3954,projektant
29196,Odběratel Rothenberger
29794,Prodejce ROTHENBERGER
3650,Odběratel Rothenberger
12805,Odběratel Rothenberger
29808,Odběratel Rothenberger
3363,Odběratel Rothenberger
3985,Prodejce ROTHENBERGER
13437,Odběratel Rothenberger
29811,Odběratel Rothenberger
3365,Odběratel Rothenberger
3895,Odběratel Rothenberger
3991,Odběratel Rothenberger
3669,škola
29842,velkoobchod TZB
3391,Odběratel Rothenberger
3902,Odběratel Rothenberger
3774,Odběratel Rothenberger
29843,Odběratel Rothenberger
3393,Odběratel Rothenberger
3601,velkoobchod TZB
29244,velkoobchod TZB
29270,Odběratel Rothenberger
22813,Odběratel Rothenberger
3425,Odběratel Rothenberger
3998,Díly pro TZB
3623,Odběratel Rothenberger
29285,Odběratel Rothenberger
25184,Odběratel Rothenberger
3434,Odběratel Rothenberger
3635,Odběratel Rothenberger
3715,Odběratel Rothenberger
29287,Odběratel Rothenberger
4052,Odběratel Rothenberger
3646,Odběratel Rothenberger
3744,Odběratel Rothenberger
29394,Odběratel Rothenberger
3872,Odběratel Rothenberger
28677,Odběratel - eshop
3751,Odběratel Rothenberger
28678,Odběratel Rothenberger
29918,Odběratel Rothenberger
4060,Díly pro TZB - armatury
29412,Odběratel Rothenberger
3893,Odběratel Rothenberger
29919,Odběratel Rothenberger
3493,projektant
4034,Odběratel Rothenberger
3908,Odběratel Rothenberger
1978,Prodejce ROTHENBERGER
29935,Odběratel Rothenberger
3530,Odběratel Rothenberger
29443,Odběratel Rothenberger
3922,velkoobchod TZB
3532,Odběratel Rothenberger
4091,Odběratel Rothenberger
3807,Odběratel Rothenberger
29445,Odběratel Rothenberger
2561,Odběratel Rothenberger
3539,Odběratel Rothenberger
4118,Odběratel Rothenberger
2564,Odběratel Rothenberger
29952,Odběratel Rothenberger
3563,Prodejce ROTHENBERGER
3856,Odběratel Rothenberger
3960,Odběratel Rothenberger
3565,Pojistné ventily DUCO
4124,Odběratel Rothenberger
3867,Odběratel Rothenberger
29963,Odběratel Rothenberger
4125,Odběratel Rothenberger
29523,Odběratel Rothenberger
3605,Odběratel Rothenberger
4131,Odběratel Rothenberger
29540,Odběratel Rothenberger
4135,Díly pro TZB - armatury
3889,Odběratel Rothenberger
29560,velkoobchod TZB
4159,Odběratel Rothenberger
29993,velkoobchod TZB
4246,Odběratel Rothenberger
4142,Odběratel Rothenberger
3903,Odběratel Rothenberger
4182,Odběratel Rothenberger
4155,Odběratel Rothenberger
3910,Odběratel Rothenberger
29577,Odběratel Rothenberger
4436,velkoobchod TZB
3920,Odběratel Rothenberger
28833,Odběratel Rothenberger
4217,Odběratel Rothenberger
28850,Odběratel Rothenberger
29611,Odběratel Rothenberger
3681,Odběratel Rothenberger
4238,Odběratel Rothenberger
3952,Odběratel Rothenberger
4244,Odběratel Rothenberger
4313,Odběratel Rothenberger
4260,Odběratel Rothenberger
3705,Odběratel Rothenberger
3971,velkoobchod TZB
29639,Odběratel - eshop
4262,Odběratel Rothenberger
28897,Odběratel Rothenberger
30055,Odběratel Rothenberger
3707,Odběratel Rothenberger
4279,Odběratel Rothenberger
28898,Odběratel Rothenberger
29673,Odběratel Rothenberger
4296,Odběratel Rothenberger
3714,Odběratel Rothenberger
4607,Odběratel Rothenberger
3999,Odběratel Rothenberger
29704,Odběratel Rothenberger
28925,Odběratel Rothenberger
30095,Odběratel Rothenberger
3741,Odběratel Rothenberger
4609,velkoobchod TZB
4638,Odběratel Rothenberger
4036,Odběratel Rothenberger
29719,Odběratel Rothenberger
4328,velkoobchod TZB
4640,Odběratel Rothenberger
4360,Prodejce ROTHENBERGER
28960,Odběratel Rothenberger
30113,Odběratel Rothenberger
29768,Odběratel Rothenberger
28972,Odběratel Rothenberger
4380,Odběratel Rothenberger
4088,Odběratel Rothenberger
29783,Odběratel Rothenberger
4375,Odběratel Rothenberger
30129,Odběratel - eshop
4676,Odběratel Rothenberger
4117,Odběratel Rothenberger
3420,Odběratel Rothenberger
30141,velkoobchod TZB
3976,Odběratel Rothenberger
4133,Odběratel Rothenberger
29802,Odběratel Rothenberger
3437,Odběratel Rothenberger
3439,velkoobchod TZB
4236,Odběratel Rothenberger
3457,Odběratel Rothenberger
30174,Odběratel Rothenberger
3986,Odběratel Rothenberger
4462,Odběratel Rothenberger
3459,Odběratel Rothenberger
29054,Odběratel Rothenberger
9974,Odběratel Rothenberger
4312,Odběratel Rothenberger
29084,Odběratel Rothenberger
4037,Odběratel Rothenberger
14195,Odběratel Rothenberger
3717,Odběratel Rothenberger
29085,Prodejce ROTHENBERGER
29865,Odběratel Rothenberger
29112,Odběratel Rothenberger
4065,velkoobchod TZB
14956,Odběratel Rothenberger
4378,Odběratel Rothenberger
29878,Odběratel Rothenberger
29126,Odběratel Rothenberger
30217,Odběratel Rothenberger
30218,Odběratel Rothenberger
4443,Odběratel Rothenberger
30231,Odběratel Rothenberger
4132,Odběratel Rothenberger
29172,velkoobchod TZB
30234,Odběratel Rothenberger
19280,Odběratel Rothenberger
24303,Odběratel Rothenberger
4428,velkoobchod TZB
4491,Odběratel Rothenberger
4523,Odběratel Rothenberger
29200,Odběratel Rothenberger
30278,Odběratel Rothenberger
24965,Odběratel Rothenberger
4453,Odběratel Rothenberger
29203,Odběratel Rothenberger
4623,Odběratel WALTER
29945,Odběratel Rothenberger
29249,Odběratel Rothenberger
30295,Odběratel Rothenberger
4231,Odběratel Rothenberger
4567,Odběratel Rothenberger
29957,Odběratel Rothenberger
29262,Odběratel Rothenberger
4267,Odběratel Rothenberger
29969,Odběratel Rothenberger
4274,Odběratel Rothenberger
1934,škola
29970,Odběratel Rothenberger
30362,Odběratel Rothenberger
4297,Odběratel Rothenberger
3644,škola
29983,Odběratel Rothenberger
29985,Odběratel Rothenberger
30375,Odběratel Rothenberger
4520,velkoobchod TZB
29324,velkoobchod TZB
4306,Pojistné ventily DUCO
4525,Odběratel Rothenberger
29325,Odběratel Rothenberger
4329,Odběratel Rothenberger
3161,Odběratel Rothenberger
12808,Odběratel Rothenberger
14214,Odběratel Rothenberger
29343,"Díly pro TZB - pumpy, čerpadla"
3511,velkoobchod TZB
29357,Odběratel Rothenberger
30408,Odběratel Rothenberger
13583,Odběratel Rothenberger
4610,Odběratel Rothenberger
23607,Odběratel Rothenberger
29373,Odběratel Rothenberger
30419,Odběratel Rothenberger
4395,Odběratel Rothenberger
3660,Odběratel Rothenberger
14948,Odběratel Rothenberger
4615,Odběratel Rothenberger
25828,Odběratel Rothenberger
4397,Odběratel Rothenberger
4095,velkoobchod TZB
4632,Odběratel Rothenberger
30045,Odběratel Rothenberger
20701,Pojistné ventily DUCO
4639,velkoobchod TZB
30061,Odběratel Rothenberger
4405,Díly pro TZB
28671,Odběratel Rothenberger
30437,Odběratel Rothenberger
4427,Odběratel Rothenberger
4661,Odběratel Rothenberger
30454,Odběratel Rothenberger
4438,Odběratel Rothenberger
28681,Odběratel Rothenberger
4691,Odběratel Rothenberger
30079,Odběratel Rothenberger
2684,Odběratel Rothenberger
29482,Odběratel Rothenberger
5499,Odběratel Rothenberger
28692,Odběratel Rothenberger
2959,Odběratel Rothenberger
29483,Odběratel Rothenberger
29497,Odběratel Rothenberger
30486,Odběratel Conex
1893,Odběratel Rothenberger
3236,Odběratel Rothenberger
29499,Odběratel Rothenberger
30499,Odběratel Rothenberger
2029,Odběratel Rothenberger
30106,velkoobchod TZB
3732,Odběratel Rothenberger
29546,Odběratel Rothenberger
30500,Odběratel Rothenberger
28733,Odběratel Rothenberger
2506,Odběratel Rothenberger
29549,Pojistné ventily DUCO
30516,Odběratel Rothenberger
28740,Odběratel Rothenberger
30134,Odběratel Rothenberger
28765,Dodavatel - elektro
2760,Odběratel Rothenberger
14221,Odběratel Rothenberger
30136,Odběratel Rothenberger
30542,velkoobchod TZB
28767,Odběratel Rothenberger
30150,Odběratel Rothenberger
29586,velkoobchod TZB
28775,Odběratel Rothenberger
3667,Odběratel Rothenberger
28672,Odběratel Rothenberger
30152,Dodavatel - těsnící prvky
4949,Odběratel Rothenberger
29600,Odběratel Rothenberger
3810,Díly pro TZB - armatury
23510,Odběratel Rothenberger
30168,Odběratel Rothenberger
30181,Odběratel Rothenberger
5804,Odběratel Rothenberger
28803,Odběratel Rothenberger
4720,Odběratel Rothenberger
28699,Odběratel Rothenberger
29634,Odběratel Rothenberger
29667,Odběratel Rothenberger
30593,Odběratel Rothenberger
5702,Odběratel Rothenberger
3299,Odběratel Rothenberger
28715,Odběratel Rothenberger
30610,Odběratel Rothenberger
28691,Odběratel Rothenberger
3661,Odběratel Rothenberger
28698,Odběratel Rothenberger
28711,Odběratel Rothenberger
28868,Odběratel Rothenberger
28726,Odběratel Rothenberger
29728,Odběratel Rothenberger
30642,Odběratel Rothenberger
2328,Odběratel Rothenberger
28739,Odběratel Rothenberger
5219,Odběratel Rothenberger
28779,Odběratel Rothenberger
29741,Odběratel Rothenberger
30653,Odběratel Rothenberger
5297,Odběratel Rothenberger
30272,Odběratel Rothenberger
28790,Odběratel Rothenberger
29777,Odběratel Rothenberger
30663,Odběratel Rothenberger
28757,Odběratel Rothenberger
30274,Odběratel Rothenberger
3237,velkoobchod TZB
4420,Odběratel Rothenberger
28840,Odběratel Rothenberger
29809,Odběratel Rothenberger
30675,Odběratel - eshop
4452,Odběratel Rothenberger
30287,Odběratel Rothenberger
28842,Odběratel Rothenberger
29810,Odběratel Rothenberger
30289,Odběratel Rothenberger
28921,Odběratel Rothenberger
30319,Odběratel Rothenberger
28872,Odběratel Rothenberger
29828,Odběratel Rothenberger
4481,Odběratel Rothenberger
30321,Odběratel Rothenberger
28874,Odběratel Rothenberger
29840,Odběratel Rothenberger
4485,Odběratel Rothenberger
30336,Odběratel Rothenberger
29841,Odběratel Rothenberger
28806,Odběratel Rothenberger
30338,Odběratel - eshop
29858,Odběratel Rothenberger
30735,Odběratel Rothenberger
28980,Odběratel Rothenberger
4431,velkoobchod TZB
4521,Odběratel Rothenberger
28987,Odběratel Rothenberger
28820,Odběratel Rothenberger
30355,Odběratel Rothenberger
4541,Odběratel Rothenberger
30370,Odběratel Rothenberger
30752,Odběratel Rothenberger
5081,Odběratel Rothenberger
28867,Odběratel Rothenberger
30764,velkoobchod TZB
28878,Odběratel Rothenberger
29011,Odběratel Rothenberger
28892,velkoobchod TZB
29903,velkoobchod TZB
5810,Odběratel Rothenberger
28964,Odběratel Rothenberger
29033,Odběratel Rothenberger
30399,Odběratel Rothenberger
29027,Odběratel Rothenberger
29920,Prodejce ROTHENBERGER
30783,Díly pro TZB - Cu polotovary
28986,Odběratel Rothenberger
29051,Odběratel Rothenberger
29921,Odběratel Rothenberger
28930,Odběratel Rothenberger
30403,Odběratel Rothenberger
29937,Odběratel Rothenberger
28749,Odběratel Rothenberger
29046,Odběratel Rothenberger
29949,Odběratel Rothenberger
29191,velkoobchod TZB
28948,Odběratel Rothenberger
29950,Odběratel Rothenberger
28789,Odběratel Rothenberger
29245,Odběratel Rothenberger
29093,Odběratel Rothenberger
29976,Odběratel Rothenberger
30845,Odběratel Rothenberger
29023,Odběratel Rothenberger
29256,Odběratel Rothenberger
28978,Odběratel Rothenberger
30846,Odběratel Rothenberger
30007,Odběratel Rothenberger
30858,Odběratel Rothenberger
28819,Odběratel Rothenberger
29298,Odběratel Rothenberger
29135,Odběratel Rothenberger
30008,Odběratel Rothenberger
30859,Dodavatel - spojovací materiál
28845,Odběratel Rothenberger
29082,Odběratel Rothenberger
28847,Odběratel Rothenberger
29008,Odběratel Rothenberger
29163,Odběratel Rothenberger
29328,"Díly pro TZB - pumpy, čerpadla"
29024,Odběratel Rothenberger
28908,Odběratel Rothenberger
30510,Odběratel Rothenberger
30888,Odběratel Rothenberger
29115,Prodejce ROTHENBERGER
29339,Odběratel Rothenberger
29195,Odběratel Rothenberger
30900,Odběratel Rothenberger
29137,velkoobchod TZB
29346,Odběratel Rothenberger
29079,škola
28947,Odběratel Rothenberger
29143,Odběratel Rothenberger
29353,škola
29101,Odběratel Rothenberger
30098,Odběratel Rothenberger
29010,Odběratel Rothenberger
29398,Odběratel Rothenberger
29032,Odběratel Rothenberger
30550,Odběratel Rothenberger
29153,Odběratel Rothenberger
29243,Odběratel Rothenberger
30142,Prodejce ROTHENBERGER
29160,velkoobchod TZB
30143,Odběratel Rothenberger
30948,Odběratel Rothenberger
29463,Odběratel Rothenberger
30951,Pojistné ventily DUCO
29177,Odběratel Rothenberger
30584,Odběratel Rothenberger
29154,odběratel Alfa Laval
29269,Odběratel Rothenberger
29479,Odběratel Rothenberger
29193,Odběratel Rothenberger
30586,Odběratel Rothenberger
29333,Odběratel Rothenberger
30963,Odběratel Rothenberger
29289,Odběratel Rothenberger
29198,Odběratel Rothenberger
30187,Odběratel Rothenberger
29182,Odběratel Rothenberger
29327,Odběratel Rothenberger
29205,Odběratel Rothenberger
29395,Odběratel Rothenberger
30201,Odběratel Rothenberger
29411,Odběratel Rothenberger
30987,Odběratel Rothenberger
29190,Odběratel Rothenberger
29247,Odběratel Rothenberger
29192,Odběratel Rothenberger
29254,Odběratel Rothenberger
3338,Odběratel Rothenberger
30232,Odběratel Rothenberger
31002,Odběratel Rothenberger
29268,velkoobchod TZB
3351,Odběratel WALTER
30233,Odběratel Rothenberger
29448,Odběratel Rothenberger
3322,Odběratel Rothenberger
29248,velkoobchod TZB
29476,Odběratel Rothenberger
29297,Odběratel Rothenberger
30263,Odběratel Rothenberger
31035,Odběratel Rothenberger
29628,Odběratel Rothenberger
29537,Odběratel Rothenberger
30264,Odběratel Rothenberger
29278,Odběratel Rothenberger
29432,škola
30266,Odběratel Rothenberger
29520,Odběratel Rothenberger
3716,Odběratel Rothenberger
29559,Odběratel Rothenberger
30279,Odběratel Rothenberger
30035,Odběratel Rothenberger
29576,Odběratel Rothenberger
30040,Odběratel WALTER
29461,Odběratel Rothenberger
3737,velkoobchod TZB
30296,Odběratel Rothenberger
29315,Odběratel Rothenberger
30050,Odběratel Rothenberger
29470,škola
3773,Odběratel Rothenberger
29336,Odběratel Rothenberger
29477,Odběratel Rothenberger
3786,Odběratel Rothenberger
30310,velkoobchod TZB
29338,Odběratel Rothenberger
3806,Odběratel Rothenberger
29345,Odběratel Rothenberger
29612,Odběratel Rothenberger
30074,Odběratel Rothenberger
3839,Odběratel Rothenberger
31125,Odběratel Rothenberger
29347,Odběratel Rothenberger
30081,Odběratel Rothenberger
29501,Odběratel Rothenberger
30085,Odběratel Rothenberger
3892,Odběratel Rothenberger
29624,Dodavatel - elektro
31138,Odběratel Rothenberger
29406,Hutní materiál
3909,Odběratel Rothenberger
30346,Odběratel Rothenberger
29686,velkoobchod TZB
30101,Odběratel Rothenberger
3923,Odběratel Rothenberger
29640,Odběratel Rothenberger
31166,Dodavatel - ostatní
29709,Odběratel Rothenberger
30361,Odběratel Rothenberger
29462,Odběratel Rothenberger
30118,velkoobchod TZB
30364,Odběratel Rothenberger
31194,Odběratel Rothenberger
29467,Odběratel Rothenberger
29581,Odběratel Rothenberger
30376,Odběratel Rothenberger
29588,Odběratel Rothenberger
31212,Odběratel Rothenberger
29599,Odběratel Rothenberger
29703,Odběratel Rothenberger
30394,Odběratel Rothenberger
31226,Odběratel Rothenberger
29492,Odběratel Rothenberger
29613,Odběratel Rothenberger
4003,Odběratel Rothenberger
29717,Odběratel Rothenberger
31227,Odběratel Rothenberger
29496,škola
29500,Prodejce ROTHENBERGER
29814,Odběratel Rothenberger
30163,Odběratel Rothenberger
30421,Odběratel Rothenberger
30169,Odběratel Rothenberger
29636,Odběratel Rothenberger
4031,Odběratel Rothenberger
29536,Odběratel Rothenberger
29847,Odběratel Rothenberger
29869,Odběratel Rothenberger
29661,Odběratel Rothenberger
4061,Odběratel Rothenberger
31260,Odběratel Rothenberger
29564,Odběratel Rothenberger
29877,Odběratel Rothenberger
4063,Odběratel Rothenberger
31273,velkoobchod TZB
3936,velkoobchod TZB
4064,Dodavatel - elektronika
29596,Odběratel Rothenberger
3972,Odběratel Rothenberger
29716,Odběratel Rothenberger
4075,Odběratel Rothenberger
30470,Odběratel Rothenberger
29900,Odběratel Rothenberger
29905,Odběratel Rothenberger
29907,velkoobchod TZB
30230,velkoobchod TZB
29740,Odběratel Rothenberger
29629,Odběratel Rothenberger
30236,Odběratel Rothenberger
29779,Odběratel Rothenberger
4210,Odběratel Rothenberger
30529,Odběratel Rothenberger
3968,Odběratel Rothenberger
29635,Odběratel Rothenberger
29931,Odběratel Rothenberger
30541,Odběratel Rothenberger
29637,Odběratel - eshop
4245,Odběratel Rothenberger
30260,Odběratel Rothenberger
29839,Odběratel Rothenberger
4261,Odběratel Rothenberger
30558,Odběratel Rothenberger
29940,Odběratel Rothenberger
4278,Odběratel Rothenberger
4590,Odběratel Rothenberger
4603,Odběratel Rothenberger
4295,Odběratel Rothenberger
30577,Odběratel Rothenberger
29702,Odběratel Rothenberger
30293,velkoobchod TZB
29875,dodavatel - úprava vody
4344,Odběratel Rothenberger
30591,Odběratel Rothenberger
29723,Odběratel Rothenberger
29885,Odběratel Rothenberger
4361,Odběratel Rothenberger
4620,Odběratel Rothenberger
4068,Odběratel Rothenberger
30307,Odběratel Rothenberger
29897,Odběratel Rothenberger
4634,Odběratel Rothenberger
29908,Odběratel Rothenberger
30325,Odběratel Rothenberger
29915,Odběratel Rothenberger
4423,Odběratel Rothenberger
4657,Odběratel Rothenberger
29764,Odběratel Rothenberger
30019,Odběratel Rothenberger
30332,Odběratel Rothenberger
29922,Odběratel Rothenberger
4425,Odběratel Rothenberger
4123,Odběratel WALTER
29787,Odběratel Rothenberger
30021,Odběratel IVAR
29911,Odběratel Rothenberger
29789,Odběratel Rothenberger
30027,Odběratel Rothenberger
30357,Odběratel Rothenberger
29939,Odběratel Rothenberger
29798,Odběratel Rothenberger
4507,Odběratel Rothenberger
29925,Díly pro TZB
30664,Odběratel Rothenberger
29821,Odběratel Rothenberger
30049,Odběratel Rothenberger
29965,Odběratel Rothenberger
4536,Odběratel Rothenberger
30390,Odběratel Rothenberger
29955,Odběratel Rothenberger
30689,Odběratel Rothenberger
29831,Odběratel Rothenberger
30170,Odběratel Rothenberger
4555,Odběratel Rothenberger
30690,Odběratel Rothenberger
4254,Odběratel Rothenberger
30177,Odběratel Rothenberger
30404,Odběratel Rothenberger
29984,Odběratel Rothenberger
30703,Odběratel Rothenberger
30179,Odběratel Rothenberger
30704,Odběratel Rothenberger
4268,Odběratel Rothenberger
30197,Odběratel Rothenberger
30417,Odběratel Rothenberger
30009,Odběratel Rothenberger
9252,Odběratel Rothenberger
4271,Odběratel Rothenberger
29861,Díly pro TZB
30204,Odběratel Rothenberger
30195,Odběratel Rothenberger
4284,Odběratel Rothenberger
30020,Odběratel Rothenberger
4285,Odběratel Rothenberger
29886,Odběratel Rothenberger
30229,Odběratel Rothenberger
30442,Odběratel Rothenberger
30026,Odběratel Rothenberger
4171,velkoobchod TZB
30459,Odběratel Rothenberger
4303,Odběratel Rothenberger
29914,Odběratel Rothenberger
30237,Odběratel Rothenberger
30240,Odběratel Rothenberger
30267,Odběratel Rothenberger
24325,Odběratel Rothenberger
30257,Odběratel Rothenberger
4352,Odběratel Rothenberger
24356,velkoobchod TZB
4269,Odběratel Rothenberger
3153,Odběratel Rothenberger
30292,Odběratel Rothenberger
25746,Odběratel Rothenberger
30103,Odběratel Rothenberger
30286,Odběratel Rothenberger
30301,Odběratel Rothenberger
4382,Odběratel Rothenberger
30324,Odběratel Rothenberger
28670,Odběratel Rothenberger
30303,Odběratel WALTER
4304,Odběratel Rothenberger
30326,Odběratel Rothenberger
30548,Odběratel Rothenberger
30126,Odběratel Rothenberger
4317,Odběratel Rothenberger
4417,škola
30331,Odběratel Rothenberger
30333,Odběratel Rothenberger
30562,Dodavatel - spojovací materiál
2640,Odběratel Rothenberger
4336,Prodejce ROTHENBERGER
3232,"Díly pro TZB - pumpy, čerpadla"
2958,Odběratel Rothenberger
30580,Dodavatel - elektro
30155,Odběratel Rothenberger
3441,Odběratel Rothenberger
4353,Odběratel Rothenberger
30587,Odběratel Rothenberger
3733,Odběratel Rothenberger
4482,Odběratel Rothenberger
3266,Odběratel Rothenberger
30598,Odběratel Rothenberger
4484,Odběratel Rothenberger
30605,Odběratel - eshop
30178,Odběratel Rothenberger
3817,Odběratel Rothenberger
30183,Odběratel Rothenberger
30371,Odběratel Rothenberger
3843,Odběratel Rothenberger
30384,Odběratel Rothenberger
4401,Odběratel Rothenberger
4517,Odběratel Rothenberger
3873,Odběratel Rothenberger
28788,Odběratel Rothenberger
4289,Odběratel Rothenberger
30386,Odběratel Rothenberger
3886,velkoobchod TZB
30416,Odběratel Rothenberger
30214,Odběratel Rothenberger
4357,Odběratel Rothenberger
30400,Odběratel Rothenberger
4545,Odběratel Rothenberger
28811,Odběratel Rothenberger
4991,Odběratel Rothenberger
4546,Odběratel Rothenberger
30427,Odběratel Rothenberger
30228,odběratel Alfa Laval
30413,Odběratel Rothenberger
3943,Odběratel Rothenberger
28869,Odběratel Rothenberger
30238,Odběratel Rothenberger
30414,Odběratel Rothenberger
5176,Odběratel Rothenberger
4581,Odběratel Rothenberger
30429,Odběratel Rothenberger
3949,Dodavatel - elektro
30456,Odběratel Rothenberger
28887,Odběratel Rothenberger
6162,Odběratel Rothenberger
30458,Odběratel Rothenberger
30262,Odběratel Rothenberger
28714,velkoobchod TZB
4628,Odběratel Rothenberger
28716,Odběratel Rothenberger
4642,Odběratel Rothenberger
28745,Odběratel Rothenberger
30460,Odběratel Rothenberger
4643,Odběratel Rothenberger
4534,Odběratel Rothenberger
30291,Odběratel Rothenberger
28760,Odběratel Rothenberger
30462,Odběratel Rothenberger
4557,Odběratel Rothenberger
29074,Odběratel Rothenberger
30477,Odběratel Rothenberger
28736,Odběratel Rothenberger
4665,Odběratel Rothenberger
29097,Odběratel Rothenberger
28778,Odběratel Rothenberger
4566,Odběratel Rothenberger
30015,Odběratel Rothenberger
28754,Odběratel Rothenberger
3484,škola
30518,Odběratel Rothenberger
29663,Odběratel Rothenberger
28808,Odběratel Rothenberger
28768,Odběratel Rothenberger
29670,Odběratel Rothenberger
3519,Odběratel Rothenberger
30341,Odběratel Rothenberger
28784,Odběratel Rothenberger
3537,Odběratel Rothenberger
30545,Odběratel Rothenberger
30348,Odběratel Rothenberger
28827,Odběratel Rothenberger
4631,Odběratel Rothenberger
29693,Díly pro TZB
28854,Odběratel Rothenberger
30549,Díly pro TZB
29699,Odběratel Rothenberger
3586,Pojistné ventily DUCO
29974,Odběratel Rothenberger
30382,Odběratel Rothenberger
28871,Odběratel Rothenberger
30574,škola
30389,Odběratel Rothenberger
28888,Odběratel Rothenberger
30751,Odběratel Rothenberger
29981,Odběratel Rothenberger
30579,Odběratel Rothenberger
28904,Odběratel Rothenberger
3694,Odběratel Rothenberger
30003,Odběratel Rothenberger
30581,Odběratel - eshop
3708,"Díly pro TZB - pumpy, čerpadla"
30010,Odběratel Rothenberger
30604,Odběratel Rothenberger
30122,velkoobchod TZB
30612,Odběratel Rothenberger
29781,Odběratel Rothenberger
30135,Odběratel - eshop
30797,velkoobchod TZB
3725,Odběratel Rothenberger
29788,Odběratel Rothenberger
30426,Odběratel Rothenberger
3726,Odběratel Rothenberger
30036,Odběratel Rothenberger
30433,Odběratel Rothenberger
30165,Odběratel Rothenberger
3747,Odběratel Rothenberger
30041,Odběratel Rothenberger
30639,Odběratel Rothenberger
30444,Odběratel Rothenberger
29813,Odběratel Rothenberger
4695,Odběratel Rothenberger
28981,Odběratel Rothenberger
5451,Odběratel Rothenberger
30666,Díly pro TZB
30687,Odběratel Rothenberger
29848,Odběratel Rothenberger
30474,Odběratel Rothenberger
30694,Odběratel Rothenberger
29012,Odběratel Rothenberger
29876,velkoobchod TZB
30482,škola
30886,Odběratel Rothenberger
25822,Odběratel Rothenberger
29045,Odběratel Rothenberger
29906,Odběratel Rothenberger
30497,Odběratel Rothenberger
30566,Odběratel Rothenberger
28629,Odběratel Rothenberger
30503,Odběratel Rothenberger
30568,Odběratel Rothenberger
30527,Odběratel Rothenberger
30753,Odběratel Rothenberger
30513,Odběratel Rothenberger
29075,Odběratel Rothenberger
30583,Odběratel Rothenberger
29077,Odběratel Rothenberger
30585,Odběratel Rothenberger
2022,Odběratel Rothenberger
30526,Odběratel Rothenberger
29104,Odběratel Rothenberger
30563,velkoobchod TZB
30961,Odběratel Rothenberger
30565,Odběratel Rothenberger
30809,Odběratel Rothenberger
30588,Odběratel Rothenberger
30617,Odběratel Rothenberger
30657,Odběratel Rothenberger
3029,Odběratel Rothenberger
30817,Odběratel Rothenberger
30868,Odběratel Rothenberger
30988,Odběratel Rothenberger
3090,Odběratel Rothenberger
30595,Odběratel Rothenberger
30878,Odběratel Rothenberger
30668,Odběratel Rothenberger
31004,Odběratel Rothenberger
30596,Odběratel Rothenberger
30634,Odběratel Rothenberger
31017,Odběratel Rothenberger
3584,Odběratel Rothenberger
30849,Odběratel Rothenberger
30889,Odběratel Rothenberger
30606,Odběratel Rothenberger
30647,Odběratel Rothenberger
30621,Odběratel Rothenberger
30869,Odběratel Rothenberger
30899,Odběratel Rothenberger
30658,Odběratel Rothenberger
30712,velkoobchod TZB
30620,Odběratel Rothenberger
30631,Odběratel Rothenberger
30728,Odběratel Rothenberger
31048,Odběratel Rothenberger
30630,Odběratel Rothenberger
30683,Odběratel Rothenberger
30743,velkoobchod TZB
31050,projektant
28709,Odběratel Rothenberger
31051,velkoobchod TZB
30936,Odběratel Rothenberger
30671,škola
30772,Odběratel Rothenberger
31063,Odběratel Rothenberger
30656,Odběratel Rothenberger
30907,velkoobchod TZB
30774,Odběratel Rothenberger
30688,Odběratel Rothenberger
28787,Odběratel Rothenberger
30679,Odběratel Rothenberger
30930,Odběratel Rothenberger
30681,Odběratel Rothenberger
30937,Odběratel Rothenberger
30985,Díly pro TZB - armatury
30909,Odběratel Rothenberger
31106,Odběratel Rothenberger
28835,Odběratel Rothenberger
30939,Odběratel Rothenberger
30991,Odběratel Rothenberger
30732,Odběratel Rothenberger
31123,velkoobchod TZB
28851,Odběratel Rothenberger
30997,Odběratel Rothenberger
30739,Odběratel Rothenberger
30960,Odběratel Rothenberger
31008,Kooperace - obrábění
30804,Odběratel Rothenberger
31139,Odběratel Rothenberger
30729,Odběratel Rothenberger
31140,Odběratel Rothenberger
28881,Odběratel Rothenberger
30731,Odběratel Rothenberger
30984,Odběratel Rothenberger
30761,Odběratel Rothenberger
30943,velkoobchod TZB
28882,Odběratel Rothenberger
30820,Odběratel Rothenberger
30760,velkoobchod TZB
31044,Odběratel Rothenberger
30965,Odběratel Rothenberger
31053,"Díly pro TZB - pumpy, čerpadla"
28944,Odběratel Rothenberger
30769,Odběratel Rothenberger
31015,Odběratel - eshop
30801,Odběratel Rothenberger
28957,Odběratel Meibes
31021,Odběratel Rothenberger
31065,Odběratel Rothenberger
30852,velkoobchod TZB
31023,Odběratel Rothenberger
31075,Odběratel Rothenberger
30865,Odběratel Rothenberger
31045,Odběratel Rothenberger
31210,Odběratel Rothenberger
30894,Díly pro TZB
31009,Odběratel Rothenberger
31211,Odběratel Rothenberger
30896,Odběratel Rothenberger
30802,Odběratel Rothenberger
31025,Díly pro TZB
29083,Odběratel Rothenberger
31081,Odběratel Rothenberger
30912,Odběratel Rothenberger
30870,Odběratel Rothenberger
31043,Odběratel Rothenberger
29087,Odběratel Rothenberger
31104,Odběratel Rothenberger
31120,Odběratel Rothenberger
30876,Odběratel Rothenberger
31056,Odběratel Rothenberger
30854,Odběratel Rothenberger
31111,Odběratel Rothenberger
31275,Odběratel Rothenberger
31132,Odběratel Rothenberger
31133,Odběratel Rothenberger
31070,Odběratel Rothenberger
29156,Odběratel Rothenberger
30882,Odběratel Rothenberger
31135,Odběratel Rothenberger
31302,Odběratel Rothenberger
30884,projektant
31086,velkoobchod TZB
30890,Odběratel Rothenberger
31164,Odběratel Rothenberger
31100,Odběratel Rothenberger
31320,odběratel Alfa Laval
30892,Odběratel Rothenberger
31165,Odběratel Rothenberger
30920,Odběratel Rothenberger
31321,Odběratel Rothenberger
29186,Odběratel Rothenberger
30914,Odběratel Rothenberger
31169,velkoobchod TZB
29189,Pojistné ventily DUCO
30916,Odběratel Rothenberger
30931,Odběratel Rothenberger
29201,Odběratel Rothenberger
30921,Odběratel Rothenberger
31192,velkoobchod TZB
31129,Odběratel Rothenberger
31349,Odběratel Rothenberger
29202,Odběratel Rothenberger
30944,Díly pro TZB
31131,Dodavatel - ostatní
29250,velkoobchod TZB
30946,Prodejce ROTHENBERGER
31042,Dodavatel - elektronika
31146,Odběratel Rothenberger
31380,Odběratel Rothenberger
29251,Odběratel Rothenberger
30977,škola
30983,Odběratel Rothenberger
31057,Odběratel Rothenberger
31160,Odběratel Rothenberger
31441,Dodavatel - nářadí
30999,Odběratel Rothenberger
31069,Odběratel Rothenberger
31397,"Díly pro TZB - pumpy, čerpadla"
31071,Odběratel Rothenberger
30978,Odběratel Rothenberger
31016,Odběratel Rothenberger
29326,Odběratel Rothenberger
31416,Odběratel Rothenberger
31427,Odběratel Rothenberger
31440,Odběratel Rothenberger
31103,Odběratel - eshop
31430,Odběratel Rothenberger
29358,Odběratel Rothenberger
29359,Odběratel Rothenberger
31007,Odběratel Rothenberger
31448,Odběratel Rothenberger
31445,Odběratel Rothenberger
29375,Odběratel Rothenberger
31450,Odběratel Rothenberger
31516,Odběratel Rothenberger
31461,Odběratel Rothenberger
29388,Odběratel Rothenberger
31475,Odběratel Rothenberger
31220,Odběratel Rothenberger
31067,Odběratel Rothenberger
29404,Odběratel Rothenberger
31537,Odběratel Rothenberger
31073,Odběratel Rothenberger
29418,Odběratel Rothenberger
31510,Odběratel Rothenberger
31480,Odběratel Rothenberger
29421,Odběratel Rothenberger
31061,Odběratel Rothenberger
29435,Odběratel Rothenberger
3727,Odběratel Rothenberger
31088,Odběratel Rothenberger
31561,Odběratel Rothenberger
31112,Odběratel Rothenberger
31202,Odběratel Rothenberger
31118,velkoobchod TZB
3745,Odběratel Rothenberger
29480,Odběratel Rothenberger
31134,Odběratel Rothenberger
4589,Prodejce ROTHENBERGER
29481,Odběratel Rothenberger
31579,Odběratel Rothenberger
4604,Odběratel Rothenberger
31296,Odběratel Rothenberger
3829,Odběratel Rothenberger
3795,škola
4606,Odběratel Rothenberger
3844,Odběratel Rothenberger
3812,Odběratel Rothenberger
31596,Odběratel Rothenberger
31595,Odběratel Rothenberger
3862,Odběratel Rothenberger
31601,Odběratel Rothenberger
31179,velkoobchod TZB
4635,Odběratel Rothenberger
3827,Odběratel Rothenberger
4652,Odběratel Rothenberger
31329,Odběratel Rothenberger
3860,Odběratel Rothenberger
31631,Odběratel Rothenberger
31624,Odběratel Rothenberger
31342,Odběratel - eshop
3678,Odběratel Rothenberger
3877,Díly pro TZB
31205,Odběratel Rothenberger
31357,Odběratel Rothenberger
31655,Odběratel Rothenberger
31359,škola
31223,Odběratel Rothenberger
3900,Odběratel Rothenberger
31664,Odběratel Rothenberger
31239,Odběratel Rothenberger
3916,Odběratel Rothenberger
30131,Odběratel Rothenberger
31523,Odběratel Rothenberger
31524,Odběratel Rothenberger
31305,Odběratel Rothenberger
31695,Odběratel Rothenberger
31680,velkoobchod TZB
31391,velkoobchod TZB
31318,Odběratel Rothenberger
30156,Odběratel Rothenberger
31697,Prodejce ROTHENBERGER
31284,Odběratel Rothenberger
31319,Odběratel Rothenberger
31694,Odběratel Rothenberger
31295,Odběratel Rothenberger
31420,Odběratel - eshop
31351,Odběratel Rothenberger
31711,Prodejce ROTHENBERGER
31311,Odběratel Rothenberger
31838,"Díly pro TZB - pumpy, čerpadla"
31726,Odběratel Rothenberger
31727,Odběratel Meibes
31467,Odběratel Rothenberger
30189,Odběratel Rothenberger
31852,Odběratel Rothenberger
31481,Odběratel Rothenberger
31339,velkoobchod TZB
31496,Odběratel Rothenberger
31341,Odběratel Rothenberger
31866,Odběratel Rothenberger
31399,Odběratel Rothenberger
31372,Odběratel Rothenberger
32085,Odběratel Rothenberger
31525,Odběratel Rothenberger
31374,Odběratel Rothenberger
31484,Odběratel Rothenberger
32088,Odběratel Rothenberger
31539,Odběratel Rothenberger
31390,Odběratel Rothenberger
31795,Odběratel Rothenberger
31769,Odběratel Rothenberger
31546,Odběratel Rothenberger
119628,Odběratel Rothenberger
32098,Odběratel Rothenberger
31797,Odběratel Rothenberger
30275,Odběratel Rothenberger
32109,Odběratel Rothenberger
31514,Odběratel Rothenberger
31962,Odběratel Rothenberger
30281,Odběratel Rothenberger
31468,Odběratel Rothenberger
31529,Odběratel Rothenberger
30283,Odběratel Rothenberger
31849,velkoobchod TZB
31586,Odběratel Rothenberger
31470,Odběratel Rothenberger
31821,Odběratel Rothenberger
31483,Odběratel Rothenberger
31978,velkoobchod TZB
31827,Odběratel Rothenberger
31604,Odběratel - eshop
31501,Odběratel Rothenberger
31625,Odběratel Rothenberger
31880,Odběratel Rothenberger
31632,Odběratel Rothenberger
31515,velkoobchod TZB
31577,Odběratel Rothenberger
32169,Odběratel Rothenberger
31531,Odběratel Rothenberger
31590,Odběratel Rothenberger
31870,Odběratel Rothenberger
31543,Odběratel Rothenberger
31557,Odběratel Rothenberger
32033,Dodavatel - elektro
31559,Odběratel Rothenberger
31608,projektant
32035,velkoobchod TZB
31246,dodavatel - úprava vody
31574,Odběratel Rothenberger
119676,Odběratel Rothenberger
31901,Odběratel Rothenberger
31685,Odběratel Rothenberger
31576,Odběratel Rothenberger
31271,Odběratel Rothenberger
30086,Pojistné ventily DUCO
31908,Odběratel - eshop
32061,Odběratel Rothenberger
31278,velkoobchod TZB
31702,Odběratel Rothenberger
31591,Odběratel Rothenberger
32219,Odběratel Rothenberger
30117,Odběratel Rothenberger
31744,Odběratel Rothenberger
31713,Odběratel Rothenberger
31333,Odběratel Rothenberger
32110,velkoobchod TZB
30686,Odběratel Rothenberger
31652,Odběratel Rothenberger
32123,Odběratel Rothenberger
32276,Odběratel Rothenberger
30693,Odběratel Rothenberger
31730,Odběratel Rothenberger
31394,Odběratel - eshop
31255,velkoobchod TZB
30717,Díly pro TZB
32139,Odběratel Rothenberger
32304,Odběratel Rothenberger
31264,velkoobchod TZB
31683,Odběratel Rothenberger
31426,Odběratel Rothenberger
30730,škola
30741,velkoobchod TZB
31433,Odběratel Rothenberger
31455,Odběratel Rothenberger
29337,Odběratel Rothenberger
32331,Odběratel Rothenberger
30763,Odběratel Rothenberger
29344,Odběratel Rothenberger
29368,Odběratel Rothenberger
29379,velkoobchod TZB
31466,Odběratel Rothenberger
31346,Odběratel Rothenberger
29391,Odběratel Rothenberger
32358,Prodejce ROTHENBERGER
31353,Odběratel Rothenberger
30793,Odběratel Rothenberger
31781,Odběratel Rothenberger
31377,velkoobchod TZB
31277,Odběratel Rothenberger
31643,Odběratel Rothenberger
31497,Odběratel Rothenberger
31200,Odběratel Rothenberger
32386,Odběratel Rothenberger
31760,Odběratel Rothenberger
31519,Odběratel Rothenberger
31780,škola
31690,Odběratel Rothenberger
32422,Odběratel Rothenberger
31547,Odběratel Rothenberger
31247,Odběratel Rothenberger
32425,Odběratel Rothenberger
31549,Odběratel Rothenberger
31272,Odběratel Rothenberger
32438,Odběratel Rothenberger
31555,Odběratel Rothenberger
31806,Odběratel Rothenberger
32040,Odběratel Rothenberger
31285,Odběratel Rothenberger
31777,Odběratel Rothenberger
32455,Prodejce ROTHENBERGER
32467,Odběratel Rothenberger
32469,Odběratel Rothenberger
31796,Odběratel Rothenberger
31749,Odběratel Rothenberger
31844,Odběratel Rothenberger
32483,Odběratel Rothenberger
32072,velkoobchod TZB
31814,velkoobchod TZB
31846,Odběratel Rothenberger
31345,Odběratel Rothenberger
31860,Odběratel Rothenberger
119661,Odběratel Rothenberger
31647,Odběratel Rothenberger
31363,Odběratel Rothenberger
31649,Odběratel Rothenberger
31850,Odběratel Rothenberger
31581,Odběratel Rothenberger
32101,Odběratel Rothenberger
31890,Odběratel Rothenberger
32117,Odběratel Rothenberger
32523,Odběratel Rothenberger
31924,Odběratel Rothenberger
31872,Odběratel Rothenberger
32132,Dodavatel - elektronika
31599,Díly pro TZB
32145,Odběratel Rothenberger
31615,Dodavatel - výrobky z pryže
32130,Odběratel Rothenberger
31921,Odběratel Rothenberger
4530,Odběratel Rothenberger
31701,Odběratel Rothenberger
4531,Odběratel Rothenberger
32565,Odběratel Rothenberger
31946,Odběratel Rothenberger
32071,Odběratel Rothenberger
32207,škola
32580,Odběratel Rothenberger
31733,Odběratel Rothenberger
32081,Odběratel Rothenberger
32186,Odběratel Rothenberger
31966,Odběratel Rothenberger
32234,Prodejce ROTHENBERGER
32201,Odběratel Rothenberger
32203,Odběratel Rothenberger
32612,Prodejce ROTHENBERGER
32205,Odběratel Rothenberger
32211,Odběratel Rothenberger
32111,Odběratel Itron
32263,Odběratel Rothenberger
32212,Odběratel Rothenberger
32229,velkoobchod TZB
32129,velkoobchod TZB
32638,Odběratel Rothenberger
32233,Odběratel Rothenberger
32010,Odběratel Rothenberger
32143,Odběratel Rothenberger
32012,Odběratel Rothenberger
32255,Odběratel Rothenberger
119686,Odběratel - eshop
29973,Odběratel Rothenberger
32271,Odběratel Rothenberger
32306,Odběratel Rothenberger
32676,velkoobchod TZB
30342,velkoobchod TZB
29982,Odběratel Rothenberger
119691,Odběratel Rothenberger
30374,Odběratel Rothenberger
119699,Odběratel Rothenberger
32053,"Díly pro TZB - pumpy, čerpadla"
30383,Odběratel Rothenberger
32286,Odběratel Rothenberger
32323,Odběratel Rothenberger
30405,Odběratel Rothenberger
32325,Dodavatel - elektro
30410,Odběratel Rothenberger
32294,Odběratel Rothenberger
30434,Odběratel Rothenberger
32064,Odběratel Rothenberger
32339,velkoobchod TZB
32069,Odběratel Rothenberger
32093,Odběratel Rothenberger
32349,Odběratel Rothenberger
32232,Odběratel Rothenberger
32351,Odběratel Rothenberger
32322,Odběratel Rothenberger
32102,Odběratel Rothenberger
32777,Odběratel Rothenberger
32247,Odběratel Rothenberger
32409,Odběratel Rothenberger
32803,velkoobchod TZB
31815,Odběratel Rothenberger
32113,Odběratel Meibes
32131,Odběratel Rothenberger
32120,Odběratel Rothenberger
32405,Odběratel Rothenberger
32458,Odběratel Rothenberger
32416,Odběratel Rothenberger
32136,Odběratel Rothenberger
32432,velkoobchod TZB
32842,Odběratel Rothenberger
32158,Pojistné ventily DUCO
32310,Odběratel Rothenberger
31923,Odběratel Rothenberger
32509,velkoobchod TZB
32460,Odběratel Rothenberger
31415,Odběratel Rothenberger
32329,Odběratel Rothenberger
32187,Odběratel Rothenberger
32537,velkoobchod TZB
31429,velkoobchod TZB
32542,Odběratel Rothenberger
32183,Odběratel Rothenberger
119702,Odběratel Rothenberger
32498,Odběratel Rothenberger
31945,Odběratel Rothenberger
32190,Odběratel Rothenberger
119704,Odběratel Rothenberger
32355,Odběratel Rothenberger
32563,Odběratel Rothenberger
32504,Odběratel Rothenberger
31974,Dodavatel - nářadí
32568,Odběratel Rothenberger
32374,Odběratel Rothenberger
31477,Odběratel Rothenberger
31981,Odběratel Rothenberger
32217,Odběratel Rothenberger
32228,velkoobchod TZB
32538,velkoobchod TZB
31478,Odběratel Rothenberger
32224,Odběratel Rothenberger
32518,Odběratel Rothenberger
31492,Odběratel Rothenberger
32592,Dodavatel - těsnící prvky
32553,velkoobchod TZB
31522,Odběratel Rothenberger
32619,Odběratel Rothenberger
31864,Odběratel Rothenberger
32260,velkoobchod TZB
32429,Odběratel Rothenberger
32272,Dodavatel - elektro
119718,Odběratel - eshop
32281,Odběratel Rothenberger
32593,velkoobchod TZB
31552,Odběratel Rothenberger
32285,Odběratel Rothenberger
32291,Odběratel Rothenberger
32297,"Díly pro TZB - pumpy, čerpadla"
31862,Odběratel Rothenberger
32647,Odběratel Rothenberger
32302,Díly pro TZB
32055,velkoobchod TZB
32309,škola
32651,velkoobchod TZB
31600,Díly pro TZB
32321,Odběratel Rothenberger
31887,Odběratel Rothenberger
31613,velkoobchod TZB
32065,Odběratel Rothenberger
119747,Odběratel - eshop
32327,Odběratel Rothenberger
31934,Odběratel Rothenberger
31889,Odběratel Rothenberger
31628,Odběratel Rothenberger
32082,Odběratel Rothenberger
32678,velkoobchod TZB
32663,Odběratel Rothenberger
31657,velkoobchod TZB
32352,Odběratel Rothenberger
32690,Odběratel Rothenberger
32197,Odběratel Rothenberger
119750,Odběratel - eshop
32361,Odběratel Rothenberger
31721,Odběratel Rothenberger
32730,Odběratel Rothenberger
32000,Odběratel Rothenberger
31737,Odběratel Rothenberger
119753,Odběratel Rothenberger
32009,Odběratel Rothenberger
32402,Odběratel Rothenberger
32223,Odběratel Rothenberger
31958,Odběratel Rothenberger
119636,Odběratel - eshop
32747,Odběratel Rothenberger
32417,Odběratel Rothenberger
32748,Odběratel Rothenberger
32759,Prodejce ROTHENBERGER
32433,Odběratel Rothenberger
32254,Odběratel Rothenberger
32445,Odběratel Rothenberger
32273,Odběratel Rothenberger
32436,Odběratel Rothenberger
32056,Prodejce ROTHENBERGER
30805,Odběratel Rothenberger
32816,Odběratel Conex
4560,Odběratel Rothenberger
32461,Odběratel Rothenberger
32449,Odběratel Rothenberger
30836,Odběratel Rothenberger
119757,Odběratel - eshop
32459,Odběratel Rothenberger
32802,velkoobchod TZB
32301,Odběratel Rothenberger
32348,Prodejce ROTHENBERGER
32465,škola
31347,Odběratel Rothenberger
32478,Odběratel Rothenberger
31925,Odběratel Rothenberger
119693,Odběratel Rothenberger
31361,Odběratel Rothenberger
119726,Odběratel - eshop
32373,Odběratel Rothenberger
31371,Odběratel Rothenberger
32491,Odběratel Rothenberger
32333,Odběratel Rothenberger
32492,velkoobchod TZB
32335,Odběratel Rothenberger
32502,Odběratel Rothenberger
32841,velkoobchod TZB
32354,Odběratel Rothenberger
32843,škola
32401,Odběratel Rothenberger
32532,Odběratel Rothenberger
32387,Odběratel Rothenberger
32556,Odběratel Rothenberger
32564,Odběratel Rothenberger
32643,velkoobchod TZB
119734,Odběratel - eshop
32018,Odběratel Rothenberger
32408,Odběratel Rothenberger
32570,Odběratel Rothenberger
32572,Odběratel Rothenberger
32411,Odběratel Rothenberger
32597,Odběratel Rothenberger
32682,velkoobchod TZB
31918,"Díly pro TZB - pumpy, čerpadla"
119738,Odběratel Rothenberger
32599,Odběratel IVAR
32646,Odběratel Rothenberger
31935,Revize - plynová zařízení
32444,Odběratel Rothenberger
31940,Odběratel Rothenberger
32667,Odběratel Rothenberger
32464,škola
31942,Odběratel Rothenberger
32724,Odběratel Rothenberger
31810,Odběratel Rothenberger
32708,Prodejce ROTHENBERGER
31811,Odběratel Rothenberger
32713,velkoobchod TZB
32737,velkoobchod TZB
31825,Odběratel Rothenberger
32739,Odběratel Rothenberger
31826,Prodejce ROTHENBERGER
32493,Kooperace - obrábění
32654,Odběratel Rothenberger
32757,Odběratel Rothenberger
32665,Odběratel Rothenberger
32670,Odběratel Rothenberger
32762,Odběratel Conex
32501,Odběratel Rothenberger
4030,Prodejce ROTHENBERGER
31854,Odběratel Rothenberger
32519,Odběratel Rothenberger
31868,Odběratel Rothenberger
32821,Odběratel Rothenberger
31869,Odběratel Rothenberger
32699,velkoobchod TZB
32834,Odběratel Rothenberger
3755,Odběratel Rothenberger
32725,Odběratel Rothenberger
29123,Odběratel Rothenberger
29151,Odběratel Rothenberger
32740,Odběratel Rothenberger
32557,Odběratel Rothenberger
4437,Odběratel Rothenberger
32770,Odběratel Rothenberger
32781,Odběratel Rothenberger
32583,Odběratel Rothenberger
32806,Odběratel Rothenberger
32604,Odběratel Rothenberger
32825,Odběratel Rothenberger
32500,Odběratel Rothenberger
31421,Odběratel - eshop
119743,Odběratel - eshop
32721,škola
32771,Odběratel Rothenberger
32773,Odběratel Rothenberger
32778,Odběratel Rothenberger
32805,Odběratel Rothenberger
32824,Odběratel Rothenberger
32112,Odběratel Rothenberger
32142,Odběratel Rothenberger
31368,Odběratel Rothenberger
4349,velkoobchod TZB
3964,Odběratel Rothenberger
30011,Odběratel Rothenberger
736,Odběratel Rothenberger
731,"Díly pro TZB - pumpy, čerpadla"
732,"Díly pro TZB - pumpy, čerpadla"
31232,Odběratel Rothenberger
2658,Odběratel Rothenberger
1192,Odběratel Rothenberger
2734,Díly pro TZB
3688,Odběratel Rothenberger
32277,velkoobchod TZB
2211,velkoobchod TZB
32241,Odběratel Rothenberger
3656,Odběratel Rothenberger
29314,Odběratel Rothenberger
3928,Dodavatel - elektronika
31248,Odběratel Rothenberger
2456,škola
2455,škola
3483,škola
29116,Hutní materiál
31812,"Díly pro TZB - pumpy, čerpadla"
2700,"Díly pro TZB - pumpy, čerpadla"
797,Odběratel Rothenberger
31343,Odběratel Rothenberger
31219,Díly pro TZB
1628,velkoobchod TZB
1045,projektant
3684,Odběratel Rothenberger
2477,Odběratel Rothenberger
32673,Odběratel Rothenberger
32671,Odběratel Rothenberger
32547,Odběratel Rothenberger
32838,Odběratel Rothenberger
32116,Odběratel Rothenberger
31626,Odběratel Rothenberger
31437,Odběratel Rothenberger
32683,velkoobchod TZB
1508,Dodavatel - elektro
1404,"Díly pro TZB - pumpy, čerpadla"
2663,škola
30734,velkoobchod TZB
28870,Odběratel Rothenberger
1957,škola
769,Prodejce ROTHENBERGER
2236,škola
1183,Odběratel Rothenberger
1167,Díly pro TZB - armatury
1349,Odběratel Rothenberger
3569,škola
3168,Hutní materiál - nerez
2454,Odběratel Rothenberger
3014,Odběratel WALTER
3021,Odběratel WALTER
3794,Odběratel Rothenberger
3015,Odběratel WALTER
3418,Odběratel Rothenberger
949,Odběratel Rothenberger
3324,Dodavatel - nářadí
3325,Dodavatel - nářadí
4571,Odběratel Rothenberger
1352,Odběratel Rothenberger
1319,Díly pro TZB - Cu polotovary
782,Odběratel Rothenberger
1250,Odběratel Rothenberger
2353,Odběratel Rothenberger
3709,Odběratel Rothenberger
676,Odběratel Rothenberger
31996,Odběratel Rothenberger
2458,Odběratel Rothenberger
2860,Dodavatel - elektronika
840,Odběratel Rothenberger
886,Odběratel Rothenberger
571,Odběratel WALTER
555,Odběratel WALTER
546,Odběratel WALTER
561,Odběratel Rothenberger
1912,velkoobchod TZB
2435,Odběratel Rothenberger
1879,velkoobchod TZB
2927,Odběratel Rothenberger
2888,velkoobchod TZB
30315,Odběratel Rothenberger
477,Odběratel Rothenberger
879,Odběratel Rothenberger
1675,velkoobchod TZB
1677,Odběratel Rothenberger
1574,Odběratel Rothenberger
1612,Dodavatel - svařování
119556,Dodavatel - nářadí
733,"Díly pro TZB - pumpy, čerpadla"
2398,Díly pro TZB
2128,velkoobchod TZB
1820,Odběratel Rothenberger
2012,Odběratel Rothenberger
1294,velkoobchod TZB
2079,Odběratel Rothenberger
29138,Odběratel Rothenberger
832,Odběratel Rothenberger
885,Odběratel Rothenberger
644,Prodejce ROTHENBERGER
1854,velkoobchod TZB
6114,Odběratel Rothenberger
1214,Odběratel Rothenberger
1372,Odběratel Rothenberger
1913,velkoobchod TZB
2172,škola
1387,velkoobchod TZB
31873,velkoobchod TZB
2077,velkoobchod TZB
2500,Odběratel Rothenberger
789,Odběratel Rothenberger
1713,Odběratel Rothenberger
677,Odběratel Rothenberger
2419,Odběratel Rothenberger
32776,Odběratel Rothenberger
1210,Odběratel Rothenberger
1251,velkoobchod TZB
1582,Odběratel Rothenberger
901,Odběratel Rothenberger
2461,Odběratel Rothenberger
3087,Odběratel Rothenberger
845,Odběratel - eshop
703,Odběratel Rothenberger
2912,velkoobchod TZB
3930,Odběratel Rothenberger
1249,Odběratel Rothenberger
535,Odběratel Rothenberger
32705,Odběratel Rothenberger
2008,Odběratel Rothenberger
9,Odběratel Rothenberger
3347,Odběratel Rothenberger
119562,velkoobchod TZB
2625,Odběratel Rothenberger
2626,Odběratel Rothenberger
3101,Odběratel Rothenberger
891,Odběratel Rothenberger
919,Odběratel Rothenberger
1285,Odběratel Rothenberger
1092,Odběratel Rothenberger
32346,velkoobchod TZB
1124,Odběratel Rothenberger
2313,Odběratel Rothenberger
2300,Odběratel Rothenberger
2248,Odběratel Rothenberger
2350,velkoobchod TZB
6248,Odběratel Rothenberger
2281,Odběratel Rothenberger
687,Odběratel Rothenberger
722,Odběratel Rothenberger
1363,Odběratel Rothenberger
1400,Odběratel Rothenberger
1397,Odběratel Rothenberger
6117,Prodejce ROTHENBERGER
1706,Prodejce ROTHENBERGER
2129,Odběratel Rothenberger
510,Prodejce ROTHENBERGER
5260,Odběratel Rothenberger
1694,Odběratel Rothenberger
30018,Odběratel Rothenberger
900,Odběratel Rothenberger
1608,Odběratel Rothenberger
2657,Odběratel Rothenberger
2003,Odběratel Rothenberger
3117,Odběratel Rothenberger
2124,Odběratel WALTER
594,Odběratel WALTER
715,Odběratel Rothenberger
887,Odběratel Rothenberger
5261,Odběratel Rothenberger
650,Odběratel Rothenberger
1078,Odběratel Rothenberger
1480,Odběratel Rothenberger
746,Odběratel Rothenberger
1009,Odběratel Rothenberger
627,Odběratel Rothenberger
1144,Odběratel Rothenberger
1199,Odběratel Rothenberger
6281,Odběratel Rothenberger
2164,Prodejce ROTHENBERGER
1134,Odběratel Rothenberger
709,Odběratel Rothenberger
2093,Prodejce ROTHENBERGER
470,Prodejce ROTHENBERGER
2739,Odběratel Rothenberger
590,Odběratel Rothenberger
1530,Odběratel Rothenberger
947,Odběratel Rothenberger
860,Odběratel Rothenberger
3025,Odběratel Rothenberger
1243,Odběratel Rothenberger
3297,Odběratel Rothenberger
2845,Odběratel Rothenberger
1030,Odběratel Rothenberger
1031,Odběratel Rothenberger
1498,Odběratel Rothenberger
1749,Odběratel Rothenberger
1750,Odběratel Rothenberger
1745,velkoobchod TZB
499,Odběratel Rothenberger
1865,Odběratel Rothenberger
2150,Odběratel Rothenberger
30826,Odběratel Rothenberger
507,Odběratel WALTER
1288,Prodejce ROTHENBERGER
1443,Prodejce ROTHENBERGER
2967,velkoobchod TZB
1766,velkoobchod TZB
1626,Odběratel Rothenberger
1311,velkoobchod TZB
1475,Odběratel Rothenberger
1445,Odběratel Rothenberger
1042,Odběratel Rothenberger
1632,Odběratel Rothenberger
1537,velkoobchod TZB
492,Odběratel Rothenberger
3285,Odběratel Rothenberger
1004,Odběratel Rothenberger
1710,Odběratel Rothenberger
1566,Odběratel Rothenberger
30816,Odběratel Rothenberger
2940,Odběratel Rothenberger
1015,Odběratel Rothenberger
1924,Odběratel Rothenberger
658,Odběratel Rothenberger
1551,velkoobchod TZB
2475,Odběratel Rothenberger
32832,Díly pro TZB - nerez. polotovr
529,Odběratel Rothenberger
402,Odběratel Rothenberger
641,Odběratel Rothenberger
465,Prodejce ROTHENBERGER
1218,Odběratel Rothenberger
920,Odběratel Rothenberger
1705,velkoobchod TZB
2738,Odběratel Rothenberger
1931,velkoobchod TZB
1778,Odběratel Rothenberger
1808,Odběratel Rothenberger
1053,Odběratel Rothenberger
831,Odběratel Rothenberger
233,Odběratel Rothenberger
6369,Odběratel Rothenberger
1257,Odběratel Rothenberger
506,Odběratel Rothenberger
1357,velkoobchod TZB
808,Odběratel Rothenberger
1690,Odběratel Rothenberger
498,Odběratel Rothenberger
1177,Odběratel Rothenberger
784,Odběratel Rothenberger
629,Odběratel Rothenberger
1915,Odběratel Rothenberger
481,škola
86454,Prodejce ROTHENBERGER
2247,velkoobchod TZB
1315,škola
1234,Odběratel Rothenberger
1758,velkoobchod TZB
1130,velkoobchod TZB
485,velkoobchod TZB
1093,Odběratel Rothenberger
1857,Odběratel Rothenberger
564,Odběratel Rothenberger
1554,Prodejce ROTHENBERGER
495,Odběratel Rothenberger
2032,Odběratel Rothenberger
593,Odběratel WALTER
2388,Odběratel Rothenberger
428,Odběratel Rothenberger
1940,velkoobchod TZB
3151,Odběratel Rothenberger
2558,Odběratel Rothenberger
2740,Odběratel Rothenberger
1575,Odběratel Rothenberger
681,Odběratel Rothenberger
711,Odběratel Rothenberger
3106,Odběratel Rothenberger
2763,Odběratel Rothenberger
1043,Odběratel Rothenberger
1362,Odběratel Rothenberger
2559,Odběratel Rothenberger
501,Odběratel Rothenberger
436,Odběratel Rothenberger
710,Odběratel Rothenberger
1796,velkoobchod TZB
3028,Odběratel Rothenberger
2205,Odběratel Rothenberger
1232,velkoobchod TZB
1179,Odběratel Rothenberger
2414,Odběratel Rothenberger
2513,Odběratel WALTER
1231,velkoobchod TZB
1390,Odběratel Rothenberger
906,Odběratel Rothenberger
1024,Odběratel Rothenberger
685,Odběratel Rothenberger
1348,Odběratel Rothenberger
2921,velkoobchod TZB
623,Dodavatel - elektronika
556,Odběratel WALTER
684,Odběratel Rothenberger
739,Odběratel Rothenberger
2841,Odběratel Rothenberger
2916,Odběratel Rothenberger
6272,Odběratel Rothenberger
6280,Odběratel Rothenberger
804,Odběratel Rothenberger
606,Odběratel Rothenberger
1440,Odběratel Rothenberger
3686,škola
304,Hutní materiál - nerez
846,Odběratel - eshop
1070,Odběratel WALTER
699,Odběratel WALTER
2768,velkoobchod TZB
592,Odběratel IVAR
32308,velkoobchod TZB
928,Odběratel Rothenberger
3133,velkoobchod TZB
2171,Odběratel Rothenberger
1189,Odběratel Rothenberger
1209,škola
728,Odběratel Rothenberger
29407,Hutní materiál
738,Odběratel Rothenberger
821,Odběratel Rothenberger
3944,vodoměry - manometry
3339,škola
646,škola
30636,škola
645,škola
1213,Odběratel Rothenberger
119528,velkoobchod TZB
1122,Odběratel Rothenberger
322,škola
437,škola
1560,Odběratel Rothenberger
2011,škola
1050,Odběratel Rothenberger
720,Odběratel Rothenberger
1898,Díly pro TZB
730,"Díly pro TZB - pumpy, čerpadla"
4144,"Díly pro TZB - pumpy, čerpadla"
729,"Díly pro TZB - pumpy, čerpadla"
277,"Díly pro TZB - pumpy, čerpadla"
1963,"Díly pro TZB - pumpy, čerpadla"
1071,"Díly pro TZB - pumpy, čerpadla"
2519,škola
88941,Odběratel Rothenberger
1799,velkoobchod TZB
1708,velkoobchod TZB
2753,velkoobchod TZB
4152,Odběratel Rothenberger
28764,Odběratel Rothenberger
53,Odběratel Rothenberger
802,Odběratel Rothenberger
1073,škola
1194,Odběratel Rothenberger
29954,Odběratel Rothenberger
2951,Odběratel Rothenberger
1590,Odběratel Rothenberger
3473,velkoobchod TZB
2852,škola
25726,Odběratel Rothenberger
1581,Odběratel Rothenberger
483,Odběratel Rothenberger
2320,velkoobchod TZB
1393,velkoobchod TZB
1141,Odběratel Rothenberger
3407,Odběratel Rothenberger
2866,Odběratel Rothenberger
2326,Odběratel Rothenberger
686,velkoobchod TZB
790,Odběratel Rothenberger
657,Díly pro TZB
1175,Odběratel Rothenberger
3275,velkoobchod TZB
2252,velkoobchod TZB
2818,Odběratel Rothenberger
6285,Odběratel Rothenberger
5251,Odběratel Rothenberger
1322,Odběratel Rothenberger
2566,Odběratel Rothenberger
6331,velkoobchod TZB
432,Odběratel Rothenberger
721,Odběratel Rothenberger
1802,Odběratel Rothenberger
31208,Odběratel Rothenberger
29896,Dodavatel - elektro
6115,velkoobchod TZB
1367,velkoobchod TZB
3345,Odběratel Rothenberger
1725,Odběratel Rothenberger
1684,Odběratel Rothenberger
780,Odběratel Rothenberger
2078,Odběratel Rothenberger
985,Odběratel Rothenberger
504,Odběratel Rothenberger
688,Odběratel Rothenberger
1505,Odběratel Rothenberger
1163,Odběratel Rothenberger
1044,projektant
1355,Odběratel Rothenberger
3740,Odběratel Rothenberger
29106,Odběratel Rothenberger
955,Prodejce ROTHENBERGER
1269,Odběratel Rothenberger
1454,Odběratel Rothenberger
3051,velkoobchod TZB
119563,velkoobchod TZB
2542,Odběratel Rothenberger
1381,velkoobchod TZB
1563,Odběratel Rothenberger
963,Odběratel Rothenberger
2476,Odběratel Rothenberger
1552,velkoobchod TZB
1277,velkoobchod TZB
3149,Odběratel Rothenberger
6279,Odběratel Rothenberger
1623,škola
661,Odběratel Rothenberger
689,Odběratel Rothenberger
978,Odběratel Rothenberger
1512,Odběratel Rothenberger
628,Odběratel Rothenberger
597,Odběratel Rothenberger
788,Odběratel Rothenberger
1018,škola
1547,škola
921,Odběratel Rothenberger
1202,Odběratel Rothenberger
823,Odběratel Rothenberger
849,Odběratel Rothenberger
3405,škola
29136,Odběratel Rothenberger
31378,Odběratel Rothenberger
3587,velkoobchod TZB
943,Odběratel Rothenberger
2569,Odběratel Rothenberger
791,Odběratel IVAR
2708,Odběratel Rothenberger
30078,Odběratel Rothenberger
614,Odběratel Rothenberger
386,Prodejce ROTHENBERGER
1793,Odběratel Rothenberger
2273,Odběratel Rothenberger
31276,velkoobchod TZB
3494,Odběratel Rothenberger
3485,velkoobchod TZB
3346,Odběratel Rothenberger
3651,velkoobchod TZB
3690,Odběratel Rothenberger
3499,velkoobchod TZB
2259,Odběratel Rothenberger
